country,iso3c,country group,type,1.5C overshoot diff,share,Reparations_med,Reparations_lwr,Reparations_upr,Reparations_perCap_med,Reparations_perCap_lwr,Reparations_perCap_upr
United States,USA,USA,Overshooters,,45.55221375731897,-19564201590435.89,-10987394816160.23,-29137588871212.5,-1766.3618713272556,-992.0013949340914,-2630.6990227334104
Japan,JPN,Rest of global North,Overshooters,,7.700252414005937,-3301953594190.5527,-1854400632517.8435,-4917704709523.144,-911.7814373042597,-512.0629426863692,-1357.945149857905
Russian Federation,RUS,Rest of global North,Overshooters,,6.512698136717836,-2757608921629.81,-1548692791293.0747,-4106994842320.414,-630.2223622414294,-353.93736278534516,-938.6102470653387
Germany,DEU,EU and UK,Overshooters,,4.675083268398876,-1988631944428.8958,-1116829849481.3186,-2961732925572.358,-778.404850322372,-437.1577024378564,-1159.3031486211366
Canada,CAN,Rest of global North,Overshooters,,3.6416566293650967,-1548092526075.035,-869419777613.0287,-2305623531369.786,-1188.1331035625099,-667.2640047510486,-1769.5244927759322
United Kingdom,GBR,EU and UK,Overshooters,,3.466260085050267,-1471203871463.781,-826238562106.1195,-2191110807885.144,-665.093474348834,-373.5212274593803,-990.5449055470947
Australia,AUS,Rest of global North,Overshooters,,2.527819079946643,-1071190710556.7781,-601588324771.9238,-1595358460328.0498,-1178.690631878594,-661.9610454684007,-1755.4615187985783
"Korea, Rep.",KOR,Global South overshoot,Overshooters,,2.5034083700662006,-1047137676965.7772,-588079969965.3629,-1559535510915.0432,-674.5675682501035,-378.84194600429197,-1004.6549755004427
Saudi Arabia,SAU,Global South overshoot,Overshooters,,2.408728124893447,-989021017876.9747,-555441240710.139,-1472980518559.7322,-786.350035427874,-441.6197749245917,-1171.1361659839802
"Hong Kong SAR, China",HKG,Global South overshoot,Overshooters,,1.9606456867829927,-851394813692.492,-478149385203.8236,-1268009427002.7236,-3440.5999240682854,-1932.2653978718738,-5124.195106782941
France,FRA,EU and UK,Overshooters,,2.0006633330181702,-833438310084.6023,-468064885013.73474,-1241266233968.6208,-401.6445274087305,-225.5664243690452,-598.1819936740535
Italy,ITA,EU and UK,Overshooters,,1.892993100640442,-798503041727.6505,-448444989733.4701,-1189236025539.9792,-444.6635535356112,-249.72621553035773,-662.2516001504949
Spain,ESP,EU and UK,Overshooters,,1.3427521120815331,-559392817618.0762,-314158986559.34753,-833121549168.2892,-395.7962785280693,-222.28200618627588,-589.4720102528778
Poland,POL,EU and UK,Overshooters,,1.0492795826953953,-438791223157.92065,-246428273007.5124,-653505751388.4005,-393.57319180337714,-221.03350486400888,-586.1610963518067
Netherlands,NLD,EU and UK,Overshooters,,0.995017355038402,-421426081702.0518,-236675886009.65118,-627643292851.9425,-782.72385680389,-439.58328720841973,-1165.7355826056694
United Arab Emirates,ARE,Global South overshoot,Overshooters,,0.9918952919496229,-419971898645.9314,-235859206458.54822,-625477531686.7421,-1289.744334120072,-724.3295948151788,-1920.8573364393092
Kazakhstan,KAZ,Global South overshoot,Overshooters,,0.9731553861110142,-403893653799.5605,-226829549753.09232,-601531689279.6965,-606.2858740658622,-340.4944607133345,-902.9608724534318
South Africa,ZAF,Global South overshoot,Overshooters,,0.7981582944309387,-298462637583.7891,-167618740884.81882,-444509917112.35913,-140.90754035964912,-79.13467724961235,-209.85809008737382
Singapore,SGP,Global South overshoot,Overshooters,,0.6646713744589293,-283782973372.94714,-159374537015.44003,-422647025413.6729,-1455.3809501673672,-817.3522969229946,-2167.5452269773173
"Iran, Islamic Rep.",IRN,Global South overshoot,Overshooters,,0.8323426826558921,-279572024575.8578,-157009638209.3025,-416375525181.9794,-94.85998559724494,-53.27404285803933,-141.27799940544776
Kuwait,KWT,Global South overshoot,Overshooters,,0.6346319387234054,-272497310956.4179,-153036428702.70798,-405838928742.20544,-1787.0018195951327,-1003.5929367384423,-2661.4387554116142
Greece,GRC,EU and UK,Overshooters,,0.5894412980490048,-254550158586.15216,-142957180234.20444,-379109662804.28687,-844.9203784811828,-474.51329632232904,-1258.3668443249492
Belgium,BEL,EU and UK,Overshooters,,0.5406476834216963,-226686962891.46024,-127309011280.19115,-337612117553.73303,-610.197936853162,-342.691503009744,-908.7872322262955
Qatar,QAT,Global South overshoot,Overshooters,,0.5332592334061763,-224407222108.79074,-126028692635.8598,-334216826958.74994,-2099.952305374358,-1179.3481562535808,-3127.525886518411
Austria,AUT,EU and UK,Overshooters,,0.5078918790931464,-214622416945.13712,-120533476435.22414,-319644004821.0537,-755.8094101329916,-424.46794245669656,-1125.6510395095597
Switzerland,CHE,Rest of global North,Overshooters,,0.4966802220371393,-209628264264.79855,-117728724755.61101,-312206054088.07275,-724.7039087083538,-406.99887153513095,-1079.3246250144705
Norway,NOR,Rest of global North,Overshooters,,0.3747352494295843,-157643337453.75836,-88533619976.00595,-234783246010.86295,-839.813841941039,-471.64542906741696,-1250.7615167282802
Sweden,SWE,EU and UK,Overshooters,,0.37380100727053767,-154951262080.20816,-87021731291.59789,-230773852370.02213,-462.88989255129496,-259.9622572053935,-689.396667656135
Finland,FIN,EU and UK,Overshooters,,0.34757601568796564,-147514356548.25604,-82845112229.87294,-219697831973.15607,-857.1678681020139,-481.39157363657836,-1276.6074209018473
Denmark,DNK,EU and UK,Overshooters,,0.32584686619642317,-138625327350.7127,-77852970185.41916,-206459117527.03024,-738.2131762841484,-414.5857723266751,-1099.4444077081396
Israel,ISR,Rest of global North,Overshooters,,0.33990297647422346,-138139511238.42474,-77580132400.08528,-205735576109.74197,-417.75629749788874,-234.6149090893888,-622.1777662935141
Czech Republic,CZE,EU and UK,Overshooters,,0.3207724817595756,-135864437007.15799,-76302434524.22513,-202347235558.46967,-410.728171198094,-230.66786335298457,-611.7105538334624
Ukraine,UKR,Global South overshoot,Overshooters,,0.30501237830412303,-124293525277.89545,-69804128167.85956,-185114307995.65207,-101.61652439979697,-57.068563123596036,-151.34072795131374
Ireland,IRL,EU and UK,Overshooters,,0.24940782387319915,-104102655918.9089,-58464792274.02233,-155043402847.03036,-627.1710743724219,-352.2237378076239,-934.0658668081694
Slovak Republic,SVK,EU and UK,Overshooters,,0.20803230501984818,-87998949859.00172,-49420836369.883125,-131059640243.3056,-537.0809170700287,-301.6284644581981,-799.8917246799647
Portugal,PRT,EU and UK,Overshooters,,0.17430922370433835,-71812457881.48746,-40330387305.378426,-106952581934.3914,-238.59774436558206,-133.99819090350678,-355.3512239580278
New Zealand,NZL,Rest of global North,Overshooters,,0.17426474381156204,-71535498079.18414,-40174844709.78384,-106540096875.0823,-437.1871901395662,-245.52743665140812,-651.1168138992516
Bahrain,BHR,Global South overshoot,Overshooters,,0.12092018996202147,-50560419123.33665,-28395091126.55082,-75301243383.84259,-784.4835760483052,-440.57155805681646,-1168.3563885524654
Turkmenistan,TKM,Global South overshoot,Overshooters,,0.1314855159254541,-50272259549.07862,-28233258659.337982,-74872078147.26384,-229.3727978911984,-128.81739532626494,-341.6122172069967
Oman,OMN,Global South overshoot,Overshooters,,0.12743567489516383,-48485381337.400116,-27229735141.685013,-72210823485.06142,-254.78603051105648,-143.08964758550377,-379.460954378459
Luxembourg,LUX,EU and UK,Overshooters,,0.10104131251540394,-43731975223.5506,-24560188446.769215,-65131424285.30244,-1972.7354927736815,-1107.9022891255088,-2938.0578335580144
"Venezuela, RB",VEN,Global South overshoot,Overshooters,,0.11956874288239451,-29713949646.483658,-16687565541.801733,-44253932088.00303,-28.084224353961236,-15.772300221719375,-41.82673027621282
Slovenia,SVN,EU and UK,Overshooters,,0.05296000895766972,-21973556111.871365,-12340505458.408653,-32725917337.6756,-349.99908511429055,-196.56197650945893,-521.2647907055988
Cyprus,CYP,EU and UK,Overshooters,,0.048175319306348344,-20100759352.90181,-11288729473.270416,-29936701445.069458,-500.8733144605537,-281.2940172088191,-745.9665883042042
Lithuania,LTU,EU and UK,Overshooters,,0.04251029615682934,-17608130747.85225,-9888851513.153564,-26224350232.22654,-237.33465174555522,-133.28882910095834,-353.47005986868436
Libya,LBY,Global South overshoot,Overshooters,,0.04948635705327658,-14592809082.00892,-8195425411.035565,-21733535587.546474,-60.112496994733014,-33.7596060239564,-89.5274573489765
Iceland,ISL,Rest of global North,Overshooters,,0.028663132669860727,-12074145738.91664,-6780926156.791868,-17982410009.700626,-1070.4642959975047,-601.1803651868598,-1594.2765879766364
Brunei Darussalam,BRN,Global South overshoot,Overshooters,,0.021818616994739946,-8936336334.226759,-5018710069.014362,-13309170472.301199,-605.8768886481928,-340.26477159276317,-902.351757437964
"Bahamas, The",BHS,Global South overshoot,Overshooters,,0.016452216123089097,-6827273674.233622,-3834245472.7849894,-10168076244.333948,-505.4372619023684,-283.85716256548614,-752.7638206663174
Hungary,HUN,EU and UK,Overshooters,,0.024295924006675004,-6734337109.378677,-3782051636.701326,-10029662856.73269,-23.856241638901263,-13.397835046050021,-35.52986088767441
Bulgaria,BGR,EU and UK,Overshooters,,0.021285387108338428,-6170494603.9573345,-3465393673.811299,-9189914245.723032,-32.35826063358812,-18.17262940692927,-48.19218870602651
Latvia,LVA,EU and UK,Overshooters,,0.011908341947745722,-4469718801.91405,-2510225882.0442953,-6656894645.972537,-86.84986265810196,-48.77550082188641,-129.34826805762142
Croatia,HRV,EU and UK,Overshooters,,0.012939375117426941,-4328854525.745075,-2431115502.271999,-6447100990.6230135,-37.25723009706859,-20.923925514708408,-55.488380040984964
Serbia,SRB,Global South overshoot,Overshooters,,0.01726999209831985,-4017774531.6818466,-2256410764.213464,-5983799642.434869,-16.3020482663945,-9.155346298544558,-24.2791599723177
Malta,MLT,EU and UK,Overshooters,,0.009657542933883495,-4001657105.7494946,-2247359103.13134,-5959795446.387908,-292.32047364280817,-164.16925791291303,-435.36219662580584
Andorra,AND,Rest of global North,Overshooters,,0.003972705339061092,-1690440367.3149996,-949363338.0850377,-2517626707.455558,-702.8188863991743,-394.7080872902487,-1046.7305638904063
Barbados,BRB,Global South overshoot,Overshooters,,0.004008598826170014,-1611325013.5010037,-904931592.4624854,-2399797689.8911686,-181.4972761752511,-101.93016168725366,-270.309677090255
San Marino,SMR,Global South overshoot,Overshooters,,0.0030203800679490327,-1295973805.912872,-727828110.497878,-1930135087.2917721,-1221.809942408666,-686.1771570640879,-1819.680482032405
Antigua and Barbuda,ATG,Global South overshoot,Overshooters,,0.0029766615100736958,-1220211870.2349288,-685279668.3607332,-1817300422.2190957,-370.41669810662773,-208.02865324110945,-551.673392372895
Seychelles,SYC,Global South overshoot,Overshooters,,0.002452247806066483,-1002852194.2828567,-563208927.791102,-1493579730.3321574,-313.91397748590674,-176.2963233130356,-467.5220900086636
Liechtenstein,LIE,Global North undershoot,Undershooters,,4.154115872921147e-6,176234068.97381976,98974307.07422134,262471014.8851854,143.41836862936592,80.54477627090036,213.59754664076524
Montenegro,MNE,Rest of global South,Undershooters,,1.6757726226799768e-5,710929201.313176,399262897.8523671,1058809514.3391571,37.30500102681227,20.950754008751602,55.55952680894443
Suriname,SUR,Rest of global South,Undershooters,,3.707170202076052e-5,1572728611.9993157,883255578.7584866,2342314839.2025824,78.77541800872949,44.240835255607564,117.32274033704277
Samoa,WSM,Rest of global South,Undershooters,,4.515356564378435e-5,1915593316.4870672,1075810836.345622,2852954169.4933558,265.90697505566595,149.33524916936707,396.02373147429466
Maldives,MDV,Rest of global South,Undershooters,,5.088934074976331e-5,2158927642.386503,1212469125.1402092,3215359735.268015,127.49228863630074,71.6005764297425,189.8783281987089
Sao Tome and Principe,STP,Sub-Sah. Africa,Undershooters,,5.121715994580631e-5,2172835032.6889696,1220279614.4877698,3236072454.825292,233.25788995284995,130.99929067124864,347.39840861868987
Belize,BLZ,Rest of global South,Undershooters,,6.46672126655928e-5,2743439606.8588142,1540735203.300346,4085892030.30554,179.36875889443218,100.73477123754523,267.1396084755412
Mauritius,MUS,Sub-Sah. Africa,Undershooters,,6.561810498629834e-5,2783780229.980637,1563390784.2766774,4145972605.835227,71.79270689906397,40.31929501311745,106.92316616687347
Vanuatu,VUT,Rest of global South,Undershooters,,6.785654339054531e-5,2878743663.8846383,1616722924.439845,4287404674.100462,217.3361399963126,122.05752260941385,323.6856390380175
Bosnia and Herzegovina,BIH,Rest of global South,Undershooters,,9.711866351244684e-5,4120158841.9010944,2313910521.316204,6136283858.273736,44.110694452546674,24.772879860431907,65.69546290150157
Cabo Verde,CPV,Sub-Sah. Africa,Undershooters,,1.2431406846772104e-4,5273895766.742461,2961857387.362182,7854581025.9945345,271.1126611931291,152.25879954360167,403.7767257258015
North Macedonia,MKD,Rest of global South,Undershooters,,1.294085689863443e-4,5490024681.595014,3083236923.7412267,8176468706.155913,88.63634216727498,49.778800425375465,132.0089289194772
Eswatini,SWZ,Sub-Sah. Africa,Undershooters,,1.4590031785976585e-4,6189670068.812804,3476162751.3111672,9218472876.587183,141.36903287676247,79.39385473082923,210.54540559926085
Bhutan,BTN,Rest of global South,Undershooters,,1.62485536130271e-4,6893280798.518982,3871315543.436743,10266382757.94798,259.5425459434841,145.7609404958564,386.5449843854594
Mongolia,MNG,Rest of global South,Undershooters,,1.6890994730849325e-4,7165829797.471879,4024381000.486043,10672298667.270456,59.36937470386069,33.342263257947735,88.4207016404759
Lebanon,LBN,Rest of global South,Undershooters,,1.8184591135733888e-4,7714624691.540156,4332588117.773606,11489636391.17733,38.894247589846735,21.843286186339757,57.9264423589929
Fiji,FJI,Rest of global South,Undershooters,,1.8756057363046325e-4,7957063327.344431,4468743380.637747,11850707977.15076,258.59223557218843,145.22723942969984,385.1296568664259
Djibouti,DJI,Rest of global South,Undershooters,,2.496058286343535e-4,10589269092.506384,5947008866.9914465,15770935902.384254,294.4958648287591,165.39097308126028,438.60207604113987
Namibia,NAM,Sub-Sah. Africa,Undershooters,,2.612631782402294e-4,11083820091.40503,6224752226.796233,16507486464.652056,109.79923552978094,61.66403191572268,163.52750039154063
Gabon,GAB,Sub-Sah. Africa,Undershooters,,2.752539782115768e-4,11677365308.38414,6558091443.837478,17391472270.506073,125.18311688152679,70.30372914207038,186.43920511910864
Jamaica,JAM,Rest of global South,Undershooters,,3.126218580366982e-4,13262658957.373034,7448403636.771913,19752500619.70095,141.53685548194707,79.48810509999028,210.79534915308082
Romania,ROU,Global North undershoot,Undershooters,,4.178429349025178e-4,17726554304.8157,9955359025.350107,26400722209.356163,32.14808627918132,18.054593994064383,47.87916934248799
Panama,PAN,Rest of global South,Undershooters,,4.511576663793808e-4,19139897327.625793,10749102523.1615,28505659011.518795,119.71012087281926,67.23005564218498,178.28809775812823
Armenia,ARM,Rest of global South,Undershooters,,4.933698260892524e-4,20930704539.898422,11754832595.50371,31172765259.509537,230.91583266509286,129.68397463426652,343.9103080668711
Uruguay,URY,Rest of global South,Undershooters,,5.25439308728397e-4,22291219168.82895,12518907291.428389,33199023051.211464,200.53670699518116,112.62284150485516,298.6657081303468
Lesotho,LSO,Sub-Sah. Africa,Undershooters,,5.391069192849777e-4,22871053409.18729,12844546326.443233,34062588662.663372,305.85955802250044,171.7729040336783,455.5263864356768
"Gambia, The",GMB,Sub-Sah. Africa,Undershooters,,6.157281938441311e-4,26121631726.836483,14670094238.1107,38903778535.68336,233.6826915282763,131.2378622585512,348.0310791419106
Albania,ALB,Rest of global South,Undershooters,,6.288183276756348e-4,26676967114.46387,14981974543.1179,39730857225.070435,319.3865786842242,179.3697750845968,475.67260936594886
Azerbaijan,AZE,Rest of global South,Undershooters,,6.332940012335e-4,26866842935.608566,15088610155.274916,40013645336.178566,80.10258192016754,44.98617995129184,119.2993278424126
Georgia,GEO,Rest of global South,Undershooters,,6.507559323521122e-4,27607647301.041348,15504651157.864262,41116948884.45788,236.400370489542,132.7641300999946,352.07860502183274
Jordan,JOR,Rest of global South,Undershooters,,7.972564081213453e-4,33822778448.37189,18995113032.03135,50373341756.636925,96.02124576421086,53.92621483039175,143.00750117740404
Chile,CHL,Rest of global South,Undershooters,,8.318322865336638e-4,35289624325.41337,19818904113.461956,52557962064.55492,57.499551136052624,32.29215703812061,85.63591381621175
Costa Rica,CRI,Rest of global South,Undershooters,,8.80236435372134e-4,37343120271.59636,20972162047.84794,55616299014.928185,217.44306845807756,122.11757439435716,323.84489100355967
Eritrea,ERI,Sub-Sah. Africa,Undershooters,,0.0010226402636167042,43384455385.18382,24365018832.873466,64613851915.78282,297.47553194592246,167.06437533515077,443.0397892302853
Mauritania,MRT,Sub-Sah. Africa,Undershooters,,0.0010973809564167995,46555251966.94135,26145760754.00213,69336220307.17488,222.88253102826576,125.17241527657339,331.94605594596
Kyrgyz Republic,KGZ,Rest of global South,Undershooters,,0.001269103562523449,53840405904.56667,30237155040.61203,80186232218.81825,220.7855256223471,123.99472212002188,328.8229189707083
Liberia,LBR,Sub-Sah. Africa,Undershooters,,0.0013189794722162473,55956339782.63437,31425478561.802086,83337559970.82559,253.30567205942174,142.2582677460371,377.25620936260077
"Congo, Rep.",COG,Sub-Sah. Africa,Undershooters,,0.0013471099383889692,57149745712.41722,32095703823.275627,85114937451.71797,231.68294229653108,130.11478886141143,345.05278888606904
Central African Republic,CAF,Sub-Sah. Africa,Undershooters,,0.0014837718863053113,62947487492.366455,35351756858.91757,93749699038.3189,308.5397395482768,173.2781130485496,459.51806619001275
Cuba,CUB,Rest of global South,Undershooters,,0.0014857058913154678,63029535654.42602,35397835690.51832,93871895980.66174,186.5998851095955,104.79582317080309,277.9091551784477
El Salvador,SLV,Rest of global South,Undershooters,,0.0015236138928571125,64637743408.54725,36301016607.933235,96267051036.82248,306.01397783995725,171.85962730188805,455.7563687906339
Paraguay,PRY,Rest of global South,Undershooters,,0.0016175498775895102,68622880395.304405,38539097894.694725,102202242543.55678,268.7659405461914,150.940864530923,400.2816798845503
Nicaragua,NIC,Rest of global South,Undershooters,,0.0017022943915224306,72218078740.86838,40558186866.0754,107556686005.9834,303.3587025899036,170.36840582867546,451.8017827464075
Lao PDR,LAO,Rest of global South,Undershooters,,0.0019633029161787397,83291095417.38419,46776871818.20152,124048082600.57396,314.6741072143872,176.7232175770161,468.6541754359614
Argentina,ARG,Rest of global South,Undershooters,,0.001967587068143622,83472846133.05272,46878944313.31147,124318769733.17778,53.32327192553088,29.946728918480073,79.41604810459172
Togo,TGO,Sub-Sah. Africa,Undershooters,,0.0021250251243483246,90151992816.74232,50630000614.25557,134266235730.2062,248.68245092734733,139.6618338631768,370.3706988047389
Tunisia,TUN,Rest of global South,Undershooters,,0.002144662844684306,90985102789.12888,51097881102.481895,135507012960.37816,225.9499766888947,126.89511458503502,336.51450051708343
Dominican Republic,DOM,Rest of global South,Undershooters,,0.0021620966989990514,91724716025.1997,51513253158.34646,136608542521.7416,246.17266880396565,138.25232236511414,366.6328003104214
Papua New Guinea,PNG,Rest of global South,Undershooters,,0.0021660898261588474,91894120314.54272,51608391812.584854,136860841728.18146,255.68466451817724,143.59432683785266,380.799318641582
Sierra Leone,SLE,Sub-Sah. Africa,Undershooters,,0.002216348240222873,94026281544.90483,52805828730.2841,140036337393.06973,289.2699993341722,162.45608983648506,430.8190280300231
Iraq,IRQ,Rest of global South,Undershooters,,0.0022214260197634494,94241701089.55959,52926809879.31277,140357168585.5904,54.82604424937116,30.790696548056303,81.65417481457717
Honduras,HND,Rest of global South,Undershooters,,0.0022784698395277346,96661726138.06647,54285913165.4873,143961389008.05325,258.871019844628,145.38380666070444,385.5448591672484
Tajikistan,TJK,Rest of global South,Undershooters,,0.0023850120089253623,101181667469.65924,56824344377.5419,150693081667.89243,255.77463780807295,143.64485647763496,380.93331872935727
Bolivia,BOL,Rest of global South,Undershooters,,0.002610594952382841,110751790507.33147,62198993568.722755,164946170874.1972,257.14675375334093,144.4154465553603,382.97685473117383
Turkey,TUR,Rest of global South,Undershooters,,0.002619542483499511,111131380259.80792,62412173874.56597,165511505988.75623,39.207807034323814,22.019383401392464,58.39343643169379
Benin,BEN,Sub-Sah. Africa,Undershooters,,0.002988186592727675,126770725275.67618,71195341312.35681,188803680892.03387,229.02630493372786,128.622802415987,341.096174203919
Ecuador,ECU,Rest of global South,Undershooters,,0.0030171908450002945,128001200676.92023,71886385052.7592,190636267118.0476,199.4209904445045,111.99624715146216,297.0040359174456
Burundi,BDI,Sub-Sah. Africa,Undershooters,,0.003255771045399094,138122718896.22385,77570701701.22461,205710566739.38907,245.08877396185366,137.6435993096685,365.0185211821319
Uzbekistan,UZB,Rest of global South,Undershooters,,0.0032703581683988163,138741562500.8571,77918248672.77519,206632230240.1474,115.32097361389012,64.76507931196268,171.75120087865596
Haiti,HTI,Rest of global South,Undershooters,,0.00331828725037763,140774904226.91885,79060187853.74004,209660550868.24976,342.0954324038512,192.1232289113017,509.4936288622142
Syrian Arab Republic,SYR,Rest of global South,Undershooters,,0.003360996477707973,142586799018.83313,80077760860.85109,212359063520.58807,167.08704493690126,93.837273292292707,248.84806050338628
Guinea,GIN,Sub-Sah. Africa,Undershooters,,0.003531589204905828,149824019012.4771,84142235103.46205,223137685881.97314,250.53386430095608,140.70160078694963,373.1280677401136
Rwanda,RWA,Sub-Sah. Africa,Undershooters,,0.0035789836823944625,151834680696.0273,85271437011.17961,226132228400.02945,272.7873362019898,153.19930894420526,406.2708725825243
Zimbabwe,ZWE,Sub-Sah. Africa,Undershooters,,0.003694042009650571,156715911215.82178,88012770801.96877,233402000560.87833,262.2625552463646,147.28851707373155,390.5959809174084
Guatemala,GTM,Rest of global South,Undershooters,,0.00394751059395724,167469053722.1685,94051812144.16309,249416998360.56665,238.5234308694987,133.95645591535188,355.2405465002
"Korea, Dem. People’s Rep.",PRK,Rest of global South,Undershooters,,0.003960376157952696,168014861966.7921,94358341937.87196,250229887972.2816,203.8505738174723,114.48393269103916,303.601155590113
Senegal,SEN,Sub-Sah. Africa,Undershooters,,0.004098670211551839,173881844142.11652,97653280872.21503,258967771486.1636,228.93511235391088,128.57158801430938,340.96035818880944
Chad,TCD,Sub-Sah. Africa,Undershooters,,0.004370652512302891,185420411918.396,104133422634.45201,276152528169.11505,240.96073605041963,135.32526384684155,358.8705027745245
Somalia,SOM,Sub-Sah. Africa,Undershooters,,0.0044015861020508884,186732737466.36462,104870433999.63411,278107016426.9232,244.21240512558376,137.15142433569034,363.7133171474701
Cambodia,KHM,Rest of global South,Undershooters,,0.004465872479925625,189460020551.14932,106402095585.18094,282168846034.052,312.491924607601,175.49768829840556,465.4041813411587
Zambia,ZMB,Sub-Sah. Africa,Undershooters,,0.004529651686836723,192165787432.40915,107921673517.73637,286198630873.6252,220.7245227038941,123.96046244697145,328.73206538030695
Mali,MLI,Sub-Sah. Africa,Undershooters,,0.005230562470929554,221901202439.36914,124621294158.71169,330484532007.0114,229.31710977900354,128.78612048622492,341.52927912691985
Malawi,MWI,Sub-Sah. Africa,Undershooters,,0.005265140968786806,223368159443.6524,125445147649.99197,332669317820.27185,255.21824135777936,143.33238027228475,380.1046597655291
Sri Lanka,LKA,Rest of global South,Undershooters,,0.005434034217617808,230533280825.48932,129469130799.2169,343340561421.56244,338.4666070966614,190.08525479900976,504.0891036942646
Burkina Faso,BFA,Sub-Sah. Africa,Undershooters,,0.005540289860067976,235041066547.7139,132000735334.56088,350054150345.0128,240.7906838332126,135.22976131170458,358.6172385884695
Niger,NER,Sub-Sah. Africa,Undershooters,,0.005991047324905412,254163985738.88318,142740302815.48578,378534523276.8732,192.20662102728133,107.9446059551553,286.2594456476919
Peru,PER,Rest of global South,Undershooters,,0.006275485411966302,266230977365.33984,149517211171.8173,396506278438.9107,231.34570114283736,129.92539182996282,344.5505248891787
Cameroon,CMR,Sub-Sah. Africa,Undershooters,,0.006443990085967712,273379613861.96536,153531936292.21445,407152970575.34045,231.92042259849953,130.2481594887139,345.4064758674561
Algeria,DZA,Rest of global South,Undershooters,,0.006560119214165822,278306272004.1091,156298782558.94098,414490399541.7732,169.84924666731115,95.38854543767536,252.9618955621796
"Yemen, Rep.",YEM,Rest of global South,Undershooters,,0.006610511847938946,280444127366.7955,157499417341.86838,417674375659.3841,229.72081902290554,129.01284647006742,342.13053616866256
Cote d'Ivoire,CIV,Sub-Sah. Africa,Undershooters,,0.006675011937140144,283180476933.5465,159036170728.19724,421749708267.0224,239.4476209685213,134.47548765074924,356.6169722653757
Angola,AGO,Sub-Sah. Africa,Undershooters,,0.007082673184163188,300475083661.81104,168748944921.168,447507117185.9646,182.55648047095647,102.52501835615942,271.8871838009797
Mexico,MEX,Rest of global South,Undershooters,,0.007302255473977199,309790635175.61597,173980624933.22076,461381064909.47107,69.19582406821323,38.86086713800224,103.05554581332785
Madagascar,MDG,Sub-Sah. Africa,Undershooters,,0.007453095507942636,316189867590.6677,177574479389.2552,470911645666.3299,253.28938312819088,142.24911976635903,377.2319497382475
Ghana,GHA,Sub-Sah. Africa,Undershooters,,0.00786882230521126,333826646945.2562,187479420163.79205,497178663181.49945,260.0391010142727,146.03980935669395,387.2845196758556
Mozambique,MOZ,Sub-Sah. Africa,Undershooters,,0.008030568875258548,340688577872.0764,191333129396.22256,507398355576.51587,232.23672972122068,130.42579981941873,345.87756214492475
Morocco,MAR,Rest of global South,Undershooters,,0.008288375384293854,351625752347.97253,197475524401.93784,523687438052.9083,268.88469677263936,151.007558872669,400.458547316944
Nepal,NPL,Rest of global South,Undershooters,,0.008806527131944105,373607804276.1694,209820801171.24423,556426008480.5693,358.4679556929097,201.31815448401738,533.8777495315774
Thailand,THA,Rest of global South,Undershooters,,0.009035082743437369,383304039680.39105,215266275964.79245,570866920853.1357,178.7316508057448,100.37696680179462,266.190743096656
Afghanistan,AFG,Rest of global South,Undershooters,,0.009772806167048464,414601192840.65106,232842979864.72153,617478768385.3562,255.65546182872347,143.57792639967278,380.7558261455911
Colombia,COL,Rest of global South,Undershooters,,0.0098401691731197765,417458998694.2724,234447943965.94107,621734989711.4169,248.93562943849713,139.80402071645122,370.74776562930657
Uganda,UGA,Sub-Sah. Africa,Undershooters,,0.011741432371007561,498118123235.81384,279746682213.3018,741863194214.9055,239.3732421574912,134.43371598125552,356.50619753191637
Kenya,KEN,Sub-Sah. Africa,Undershooters,,0.013745706444989538,583147377643.2494,327499716487.64417,868499972388.4017,258.1293308824256,144.96726886227523,384.44023816081113
Tanzania,TZA,Sub-Sah. Africa,Undershooters,,0.015668116501259627,664703635777.7703,373302291344.0963,989964306540.4198,233.33726052191034,131.04386574756953,347.51661773645355
"Egypt, Arab Rep.",EGY,Rest of global South,Undershooters,,0.016599746006299307,704227053870.0428,395498924161.2648,1048827792578.1357,173.66682291017688,97.53252341844124,258.6475335134624
Myanmar,MMR,Rest of global South,Undershooters,,0.016843888130224093,714584530941.7933,401315756980.15594,1064253513237.6085,388.02522949576945,217.91772975726187,577.898339292961
Vietnam,VNM,Rest of global South,Undershooters,,0.02307389467587322,978886114446.0621,549749406831.5957,1457886283916.2017,299.9341416742448,168.4451480520469,446.7014750459558
"Congo, Dem. Rep.",COD,Sub-Sah. Africa,Undershooters,,0.02385864712317945,1012178425290.7012,568446605482.994,1507469583366.4548,234.81537716543139,131.87398657164866,349.7180239560494
Philippines,PHL,Rest of global South,Undershooters,,0.025172717858096005,1067926516970.8964,599755130428.7418,1590496992802.1802,267.19391667988367,150.0580047423593,397.94041464556386
China,CHN,China,Undershooters,,0.03556227857046249,1508692883438.0261,847292657972.222,2246944388061.8853,33.63407251581073,18.889134437626826,50.09229599787652
Brazil,BRA,Rest of global South,Undershooters,,0.035816312399718817,1519470005876.6838,853345166615.0239,2262995099938.9204,217.95010549924737,122.40233000434198,324.6000374264683
Bangladesh,BGD,Rest of global South,Undershooters,,0.04651794582131744,1973475734231.182,1108318013994.9983,2939160298749.5723,349.20358918193983,196.11522033374771,520.0800332638801
Nigeria,NGA,Sub-Sah. Africa,Undershooters,,0.04987458746147233,2115877783771.3828,1188292018234.122,3151244208984.3145,228.90655956482848,128.55555256480227,340.91783361015166
Pakistan,PAK,Rest of global South,Undershooters,,0.052137615021842415,2211884387189.3726,1242210009818.693,3294229902848.8906,253.2699019345784,142.2381789894139,377.202935775803
Indonesia,IDN,Rest of global South,Undershooters,,0.0562969732377576,2388340857142.139,1341309218865.1157,3557032146599.1616,250.89496590657623,140.9043980179717,373.6658678684069
India,IND,India,Undershooters,,0.3229010237714952,13698741931107.15,7693310937633.312,20401972888920.055,287.44286770827847,161.4299597149982,428.0978226752946
