country,iso3c,group,fairShare_1850,fairShare_9030,fairShare_1992,ratio90301992,ratio19921850
Afghanistan,AFG,populationShare,0.00434626138348273,0.0043948648276507145,0.005274994178312719,0.8331506498565415,1.213685444313011
Albania,ALB,populationShare,4.4832750950711065e-4,4.44315934369375e-4,3.778651194299613e-4,1.175858557782893,0.8428327760778825
Algeria,DZA,populationShare,0.004938567217033524,0.005475437006386561,0.005819974357821329,0.9408008815413847,1.1784742622815298
Andorra,AND,populationShare,7.876749131970831e-6,1.0936945636738773e-5,1.002520465930938e-5,1.0909448742857089,1.2727591664203461
Angola,AGO,populationShare,0.0037015133698152856,0.003650306006369857,0.0049955503052661054,0.7307114898876813,1.3495967206287292
Antigua and Barbuda,ATG,populationShare,1.5161610448574457e-5,1.2726861499794897e-5,1.2540608038465118e-5,1.0148520279685398,0.8271290230678777
Argentina,ARG,populationShare,0.005651567105721123,0.00604342345598814,0.005969172289449985,1.01243910594931,1.0561977196390975
Armenia,ARM,populationShare,4.817090978603015e-4,4.5052430355324157e-4,3.9359462965200744e-4,1.1446403726381325,0.8170795017165157
Australia,AUS,populationShare,0.0031541847411441547,0.003280672093190713,0.0033485170908388426,0.9797387930813477,1.0616109599288073
Austria,AUT,populationShare,0.0018247760048552169,0.001256713873043421,0.0011590206212436318,1.0842894854579586,0.635157749860697
Azerbaijan,AZE,populationShare,0.0012833379957992409,0.001341343708897631,0.0012973624411091078,1.033900524938061,1.0109280994997212
"Bahamas, The",BHS,populationShare,4.53017134056456e-5,5.116417309653101e-5,5.0942223285903176e-5,1.0043568928937825,1.1245098574914971
Bahrain,BHR,populationShare,1.4482116464925614e-4,1.7406857565889432e-4,2.0617878262235294e-4,0.8442603717266425,1.4236785287682185
Bangladesh,BGD,populationShare,0.01990894424917852,0.021432257031744135,0.02133745232080275,1.0044431129600677,1.0717520755367613
Barbados,BRB,populationShare,5.71972842028311e-5,4.131861128319927e-5,3.72840248459478e-5,1.108212202248062,0.6518495653348232
Belgium,BEL,populationShare,0.002260609278921508,0.0016184699479562298,0.0015048667955241558,1.0754905037242883,0.6656907982975713
Belize,BLZ,populationShare,4.219978603247095e-5,4.726972348540051e-5,5.243654104685714e-5,0.9014653244034618,1.2425783629923963
Benin,BEN,populationShare,0.001387444734567571,0.0014014558790674703,0.0017607672141199027,0.7959347878748244,1.2690719639140697
Bhutan,BTN,populationShare,9.38203442470768e-5,1.005242420290409e-4,9.997080331266242e-5,1.0055360034934158,1.0655557077193016
Bolivia,BOL,populationShare,0.001426402455675465,0.0014774807419791977,0.001551662788009737,0.9521919023877025,1.0878155613346554
Bosnia and Herzegovina,BIH,populationShare,6.902779066138363e-4,5.351008545372826e-4,4.4154089526503087e-4,1.2118942101978871,0.6396567107746693
Botswana,BWA,populationShare,2.4813039786135833e-4,2.931169618975675e-4,3.2037887625787015e-4,0.9149072664255188,1.291171412367139
Brazil,BRA,populationShare,0.024087468107003185,0.02842821932094613,0.027281101285661292,1.0420480838831734,1.1325848430591006
Brunei Darussalam,BRN,populationShare,4.259322385590411e-5,5.6289358694659826e-5,5.5806309781325755e-5,1.0086558117751716,1.3102156805533773
Bulgaria,BGR,populationShare,0.0015458145892962719,0.0011151890651895583,9.128536788142501e-4,1.2216514991078653,0.5905324513917445
Burkina Faso,BFA,populationShare,0.0025131986457430787,0.0024046982491622497,0.0030732681126308574,0.7824563822723942,1.2228512528591557
Burundi,BDI,populationShare,0.0014338663756224563,0.0013650706352607612,0.0017610406933180691,0.7751499669713822,1.2281762954051998
Cabo Verde,CPV,populationShare,7.151053547304562e-5,7.194320850742572e-5,7.262041810267418e-5,0.9906746668093953,1.0155205470394906
Cambodia,KHM,populationShare,0.002032925052271437,0.0021007614571777735,0.0021942286968038784,0.9574031459153508,1.0793455933617488
Cameroon,CMR,populationShare,0.0029309436195153983,0.0031028496391887496,0.0038025769754018624,0.8159860166567268,1.2973900112178138
Canada,CAN,populationShare,0.004933453852109696,0.005040258056221813,0.004971496559256417,1.0138311464457055,1.0077111711768527
Central African Republic,CAF,populationShare,6.128345366627263e-4,6.296854380173692e-4,7.072653141564821e-4,0.8903100794195763,1.1540885375161645
Chad,TCD,populationShare,0.0018027481856223437,0.0018345238812901067,0.002389496895705364,0.7677448272007765,1.3254745808441701
Chile,CHL,populationShare,0.002342055004228703,0.002503112343633876,0.002400090392601613,1.0429241962510383,1.0247796863302203
China,CHN,populationShare,0.2091914474648325,0.20072261081883092,0.18419612504447394,1.0897222228229104,0.8805146064847581
Colombia,COL,populationShare,0.005620164368842681,0.006590477211138756,0.006435543951373766,1.0240746176136233,1.1450810917651133
"Congo, Dem. Rep.",COD,populationShare,0.010086836152429364,0.010114390349356699,0.013327922451814082,0.758887244874389,1.3213184243707694
"Congo, Rep.",COG,populationShare,6.160873104639437e-4,6.396148586552345e-4,7.914166080513767e-4,0.8081898359829623,1.284585146633521
Costa Rica,CRI,populationShare,5.309481667624662e-4,6.613285840574895e-4,6.530876759792012e-4,1.012618379402019,1.2300403633776504
Cote d'Ivoire,CIV,populationShare,0.0028154794308378997,0.0031409604049451776,0.003836610712237271,0.8186810287858385,1.3626846888721464
Croatia,HRV,populationShare,8.863732587627602e-4,6.392952087219765e-4,5.364622118098409e-4,1.1916873074157677,0.6052328480200982
Cuba,CUB,populationShare,0.0016404819607199277,0.0016539518205283704,0.0014587587420040924,1.1338076495473919,0.8892257134994122
Cyprus,CYP,populationShare,1.5864293075671605e-4,1.5796680314857008e-4,1.5436423631614646e-4,1.0233380925426623,0.9730294037045301
Czech Republic,CZE,populationShare,0.0023237667255017534,0.001556614958634033,0.0013969862206778141,1.1142665085692596,0.6011731751500028
Denmark,DNK,populationShare,0.0010595759316023477,8.228903187823761e-4,7.642390471400599e-4,1.0767446676034174,0.7212687872065351
Djibouti,DJI,populationShare,9.391375144300668e-5,1.247714036238982e-4,1.299960932058022e-4,0.9598088723048579,1.3842072242710137
Dominican Republic,DOM,populationShare,0.001170460305278591,0.0014186499543614103,0.0014091918335794036,1.0067117340284202,1.2039637971695163
Ecuador,ECU,populationShare,0.0019093692967068465,0.0022167515216088025,0.0023174077575329865,0.9565651596716245,1.2137032692051233
"Egypt, Arab Rep.",EGY,populationShare,0.011537872353402938,0.012557099153146805,0.013959616307912199,0.8995303936849283,1.2098951938738514
El Salvador,SLV,populationShare,8.231597715196408e-4,9.096870887472227e-4,8.521420528154706e-4,1.067529862822312,1.0352085734733192
Eritrea,ERI,populationShare,4.631853047724114e-4,4.497516136480368e-4,5.031716710547585e-4,0.8938333366527939,1.0863290909067045
Eswatini,SWZ,populationShare,0.00013604472891312229,1.580459856513962e-4,1.6283050254020892e-4,0.9706165809588946,1.1968894630544042
Fiji,FJI,populationShare,1.1906053474993192e-4,1.2572464697721498e-4,1.2106191371764992e-4,1.0385152779794962,1.0168097596060826
Finland,FIN,populationShare,0.001016344309509264,7.92256391147643e-4,7.183955556765839e-4,1.102813603017765,0.7068426998164206
France,FRA,populationShare,0.012875439711545643,0.009214173794020519,0.008498970595674638,1.084151744060612,0.6600916773392567
Gabon,GAB,populationShare,2.5274501198018374e-4,2.5283455606491814e-4,3.028034773495354e-4,0.8349790374866249,1.1980591623832975
"Gambia, The",GMB,populationShare,2.5819891644015825e-4,2.758896447002696e-4,3.517893111793686e-4,0.7842468089077338,1.3624740027168216
Georgia,GEO,populationShare,8.614334258510987e-4,6.369034702647885e-4,5.351307984481719e-4,1.1901827966391536,0.621209698148712
Germany,DEU,populationShare,0.017526232980101086,0.012134391671358997,0.010846748004040431,1.1187124165546132,0.6188864439012992
Ghana,GHA,populationShare,0.003304103847950905,0.0037075083372099756,0.0042924834169119856,0.8637210624047463,1.2991369564773336
Greece,GRC,populationShare,0.0019327827241029224,0.0015809324651506764,0.0013583546486130318,1.1638583979264259,0.7027973872456333
Guatemala,GTM,populationShare,0.0019267894215734094,0.002177659902932464,0.002415899883414528,0.9013866501184038,1.253847387973364
Guinea,GIN,populationShare,0.0016308061581644777,0.0015731251830187556,0.0019321988549309646,0.8141631897794297,1.1848120914049733
Haiti,HTI,populationShare,0.0013734036352124267,0.0014611064792395543,0.0015062787166536169,0.9700107045830015,1.0967487474435278
Honduras,HND,populationShare,0.0010119644801198304,0.0012102274260330495,0.0013097546073424409,0.9240108179414332,1.2942693474649902
"Hong Kong SAR, China",HKG,populationShare,8.518016759424948e-4,0.001028733073831802,9.78540152301736e-4,1.0512936760050178,1.1487887144845175
Hungary,HUN,populationShare,0.0022372521375742293,0.001473019664467737,0.0012648122025695375,1.1646153171792732,0.5653418232693822
Iceland,ISL,populationShare,5.046608792829548e-5,4.6010596074533335e-5,4.415567285191849e-5,1.0420087183097755,0.8749573161814501
India,IND,populationShare,0.16935093561714307,0.1790822122011984,0.17911509110546583,0.9998164369955401,1.0576563421556577
Indonesia,IDN,populationShare,0.03260814033695549,0.0356553565631205,0.035713397229286806,0.9983748209168208,1.0952294997581344
"Iran, Islamic Rep.",IRN,populationShare,0.009568553554649873,0.010987308717389779,0.011029008489229542,0.9962190824424076,1.1526306903377215
Iraq,IRQ,populationShare,0.004187229822769862,0.004661411578066357,0.005596487010816266,0.8329174299980149,1.3365607448587997
Ireland,IRL,populationShare,9.863012938843513e-4,6.478531775908779e-4,6.346125206607858e-4,1.0208641596234271,0.643426633013418
Israel,ISR,populationShare,8.92776687968985e-4,0.0010691273260150201,0.0011612091951199615,0.9207017396245913,1.3006715013601495
Italy,ITA,populationShare,0.011865047458846855,0.008713686031520602,0.007703893926111726,1.1310755463527693,0.6492931404473671
Jamaica,JAM,populationShare,4.262869171537788e-4,4.1284710174111053e-4,3.817832620868848e-4,1.0813651166487135,0.8956016399376391
Japan,JPN,populationShare,0.021537338214116894,0.018761831433411733,0.01613803058760306,1.1625849468784766,0.7493047853529646
Jordan,JOR,populationShare,8.415247757680854e-4,0.0010928569314435975,0.0012029457450454068,0.9084839743976534,1.4294834563218195
Kazakhstan,KAZ,populationShare,0.002713850943708345,0.0025305090449535507,0.002511759835106702,1.0074645710886816,0.9255334530917547
Kenya,KEN,populationShare,0.005424899633686709,0.006310935099801035,0.00744801560183734,0.8473310794682277,1.3729315019190025
"Korea, Dem. People’s Rep.",PRK,populationShare,0.003515834314666049,0.003583554159712045,0.00333865898331784,1.0733513598177784,0.9496064616557341
"Korea, Rep.",KOR,populationShare,0.007038809528731578,0.00723984569112063,0.006520890799528874,1.1102540916102597,0.9264195561637772
Kuwait,KWT,populationShare,3.5851447662862447e-4,4.569503180871945e-4,5.086700231749663e-4,0.8983236622340101,1.418827010720362
Kyrgyz Republic,KGZ,populationShare,8.217108772826031e-4,8.349822602985852e-4,8.767879396487965e-4,0.9523195091312994,1.0670273010725295
Lao PDR,LAO,populationShare,8.608347122608044e-4,9.230724593462845e-4,9.600692659947482e-4,0.9614644401618976,1.1152771284900034
Latvia,LVA,populationShare,4.418461245866633e-4,3.1933555622961826e-4,2.562929814526707e-4,1.245978545411668,0.5800503098050861
Lebanon,LBN,populationShare,6.407466470338958e-4,7.592918951973596e-4,7.46434714361943e-4,1.0172247895067514,1.1649451742233716
Lesotho,LSO,populationShare,2.991397943710354e-4,3.0221532383503327e-4,2.9315254811616885e-4,1.0309148795639091,0.9799851227836297
Liberia,LBR,populationShare,5.756877467011986e-4,5.734254897548743e-4,7.070871081665787e-4,0.8109686672717333,1.2282476259366708
Libya,LBY,populationShare,7.741767125766183e-4,9.001170778935829e-4,9.073529353297849e-4,0.9920253110399957,1.1720230285795203
Liechtenstein,LIE,populationShare,5.340215073281892e-6,5.230299082974558e-6,4.924429185063833e-6,1.062112761990456,0.9221406099731237
Lithuania,LTU,populationShare,6.071418821412577e-4,4.6438519900548694e-4,3.725168444850016e-4,1.2466153031213711,0.613558140926163
Luxembourg,LUX,populationShare,9.353796770099197e-5,7.723177633750781e-5,8.001996089010068e-5,0.9651563869617212,0.855481072091457
Madagascar,MDG,populationShare,0.0030976486140702744,0.003208396999239507,0.003990864295238825,0.8039353788769977,1.2883528096477268
Malawi,MWI,populationShare,0.002056981447564894,0.0022479548266135228,0.0027967263866844104,0.803780747847318,1.3596264516606338
Malaysia,MYS,populationShare,0.003399322422725929,0.004074045128451049,0.004202712410282477,0.9693847046215613,1.2363382720584377
Maldives,MDV,populationShare,5.0128595484904325e-5,5.706381241058786e-5,5.96738389669795e-5,0.9562617957621948,1.1904151390985933
Mali,MLI,populationShare,0.0024975123584225012,0.0023175203849166385,0.003016229072521333,0.7683502576213057,1.2076933522869404
Malta,MLT,populationShare,8.047764716622176e-5,6.132178118849039e-5,5.6195099397460755e-5,1.091230051125442,0.6982696609083656
Mauritania,MRT,populationShare,5.263404051760756e-4,5.377072776622714e-4,6.675118131362942e-4,0.8055397179202896,1.2682131308406634
Mauritius,MUS,populationShare,1.8601462039945872e-4,1.8045423375884104e-4,1.6285808398818613e-4,1.1080459092956745,0.8755122776825559
Mexico,MEX,populationShare,0.014535308588149795,0.016742522925886173,0.01678061751168835,0.9977298460098002,1.1544727385677307
Mongolia,MNG,populationShare,4.2054436771209695e-4,4.174107915352361e-4,4.3537977182996486e-4,0.9587280313478909,1.0352766681874197
Montenegro,MNE,populationShare,1.1088327661843161e-4,9.219032529329409e-5,8.173728570623277e-5,1.1278858173077826,0.73714709917443
Morocco,MAR,populationShare,0.004407252628393594,0.004825469964637103,0.004872861545995541,0.9902743837658625,1.1056460695269148
Mozambique,MOZ,populationShare,0.003755384824389679,0.003621000732155656,0.004626106081195193,0.7827318847863818,1.2318593959134463
Myanmar,MMR,populationShare,0.0069978636105999395,0.0074493627381124645,0.007191713552941585,1.0358258408478318,1.0277013033017695
Namibia,NAM,populationShare,2.846289278125996e-4,3.181659162745633e-4,3.5082558914036375e-4,0.9069062409448888,1.2325717973801602
Nepal,NPL,populationShare,0.003733076939545707,0.003908896788373996,0.003915159028460741,0.9984005145024192,1.0487753378416016
Netherlands,NLD,populationShare,0.0027373765385762913,0.002442432530260895,0.0022311436686403853,1.0946998010886788,0.8150664101917094
New Zealand,NZL,populationShare,6.313032164637987e-4,6.409605350725367e-4,6.27896986566664e-4,1.0208052416007027,0.9946044471051259
Nicaragua,NIC,populationShare,7.339284612141214e-4,8.579723139717438e-4,8.781538012182848e-4,0.9770182771872733,1.1965114416813523
Niger,NER,populationShare,0.0027816023339064817,0.0026421814452479548,0.003884897736040432,0.6801160866440003,1.39664023454585
Nigeria,NGA,populationShare,0.02309159811303485,0.024253238037668916,0.02980585046629037,0.8137072976695864,1.2907660318869583
North Macedonia,MKD,populationShare,3.5610053306994987e-4,3.0394827898708545e-4,2.67500659654572e-4,1.136252446553137,0.7511942129051126
Norway,NOR,populationShare,9.220247804634643e-4,7.326996175539698e-4,7.193347673536042e-4,1.0185794581423253,0.7801685839636804
Oman,OMN,populationShare,4.6050080104405815e-4,5.269148607512676e-4,6.137798189238702e-4,0.8584753758686602,1.3328528800216943
Pakistan,PAK,populationShare,0.02352486154451384,0.026638813503038768,0.029844112052130393,0.8925986290531027,1.2686200934980738
Panama,PAN,populationShare,4.650137829701655e-4,5.393994391331212e-4,5.708297907228118e-4,0.9449391883526401,1.2275545620965718
Papua New Guinea,PNG,populationShare,0.0010336529253996926,0.0010882637126417964,0.0012257862146770279,0.8878087382705098,1.1858779524113874
Paraguay,PRY,populationShare,7.701384923710138e-4,9.130265642074443e-4,9.378253946359007e-4,0.973557092215354,1.2177360356948679
Peru,PER,populationShare,0.003820503684381181,0.004323081607151245,0.004327418890996724,0.9989977203606283,1.1326828210342768
Philippines,PHL,populationShare,0.011489587763301664,0.013771519075748367,0.014418653505357282,0.9551182480827026,1.2549321875073016
Poland,POL,populationShare,0.007581968234134197,0.005646565205816218,0.004907243235303615,1.150659328478724,0.6472255071197861
Portugal,PRT,populationShare,0.002001232290115467,0.0015199534635310212,0.0013249757014095285,1.1471557266401735,0.6620799134382745
Qatar,QAT,populationShare,2.0074001886451982e-4,2.594335574471997e-4,3.2524471028871156e-4,0.7976565005989092,1.620228552973388
Romania,ROU,populationShare,0.004115458089644309,0.003082573237957197,0.0025757789803401592,1.1967537826363153,0.6258790453538013
Russian Federation,RUS,populationShare,0.026819096144223908,0.021567568271619077,0.018954775272923184,1.137843522862983,0.7067641344432676
Rwanda,RWA,populationShare,0.0014946123396821047,0.0015237654920456864,0.0018154174877205245,0.8393471487150637,1.2146410407040085
Samoa,WSM,populationShare,2.8997845188803863e-5,2.7731188013722134e-5,2.7547533676241358e-5,1.0066668159712304,0.9499855419214916
San Marino,SMR,populationShare,4.710826284698622e-6,4.516374459828817e-6,4.237439138008645e-6,1.0658263901227985,0.8995108038206376
Sao Tome and Principe,STP,populationShare,2.8116507708634835e-5,2.6858053534409642e-5,3.123429277316795e-5,0.8598899206542063,1.1108880625162285
Saudi Arabia,SAU,populationShare,0.0033021508742491195,0.004073408118574085,0.004384271756893229,0.9290957186149822,1.3277018294599197
Senegal,SEN,populationShare,0.001898850304392981,0.0019576263864761814,0.0024318208149424624,0.8050043713942384,1.2806806357070153
Serbia,SRB,populationShare,0.0016923255486340002,0.0013476584921914773,0.0011345726500872307,1.1878115448031148,0.6704222192964158
Seychelles,SYC,populationShare,1.3019814236614885e-5,1.3250246393527833e-5,1.2616185019542993e-5,1.0502577738835197,0.9689988497733871
Sierra Leone,SLE,populationShare,9.836612050081297e-4,9.505770977301556e-4,0.001089494036257127,0.8724940808265369,1.1075907341980846
Singapore,SGP,populationShare,5.740102173931625e-4,7.189796898566506e-4,7.232573360533793e-4,0.9940855820141823,1.2600077736211992
Slovak Republic,SVK,populationShare,0.0010342297748431651,8.016978920859609e-4,7.069551479310511e-4,1.1340152121845075,0.6835571409054209
Slovenia,SVN,populationShare,3.774064099480648e-4,3.0143637536614873e-4,2.6783594417792905e-4,1.1254515382218386,0.7096751330079056
Somalia,SOM,populationShare,0.001842452651336677,0.0018439102816707464,0.002391528583972561,0.7710174547058236,1.298013591957186
South Africa,ZAF,populationShare,0.006574817624766086,0.007625507889637276,0.007800843283308084,0.9775235333792717,1.1864729530936025
Spain,ESP,populationShare,0.007874535795972875,0.006552161220816999,0.00591626023706142,1.1074836059056503,0.7513154286614662
Sri Lanka,LKA,populationShare,0.0028401269634312663,0.0029681479293161396,0.0027592296538013947,1.0757161605692798,0.9715163051963929
Suriname,SUR,populationShare,8.210961888076479e-5,7.774198823308701e-5,7.636991125349933e-5,1.0179661984290287,0.9300970129260939
Sweden,SWE,populationShare,0.0018772316394298355,0.0014042451456301236,0.0013302825380049935,1.0555991719894713,0.7086405907845423
Switzerland,CHE,populationShare,0.0014144041406174406,0.0011652860920381882,0.0011245953086059647,1.0361826010839965,0.7951018215451748
Syrian Arab Republic,SYR,populationShare,0.002404636853094734,0.0027256964489714964,0.003011369257280644,0.9051352445009953,1.2523176850612823
Tajikistan,TJK,populationShare,0.0010758303167035445,0.001160075524661309,0.0013312063291961746,0.8714468217423516,1.2373757353065942
Tanzania,TZA,populationShare,0.006578509498403772,0.006898722933432389,0.008923398971316632,0.7731048399390904,1.3564469236506889
Thailand,THA,populationShare,0.0084334317395589,0.009750202750197343,0.00888332875586063,1.097584364843506,1.0533468497991616
Togo,TGO,populationShare,9.30487073271012e-4,9.721792139328634e-4,0.0011779303251351436,0.8253282840148678,1.2659287366500165
Tunisia,TUN,populationShare,0.00143909305532787,0.0015750886415528474,0.001544019359717655,1.0201223395546504,1.072911410420141
Turkey,TUR,populationShare,0.010039726735746442,0.01074047218866901,0.010675367961511997,1.0060985464287258,1.0633126022745574
Turkmenistan,TKM,populationShare,6.932504647008631e-4,7.695895483785517e-4,7.974876425584788e-4,0.9650175216628747,1.1503600547928863
Uganda,UGA,populationShare,0.004726657972968133,0.0050816120289456255,0.0065044776642188586,0.7812482863765651,1.376126155397348
Ukraine,UKR,populationShare,0.009021806840422619,0.006869490231136285,0.0057190621152287315,1.2011567793334839,0.6339153804096328
United Arab Emirates,ARE,populationShare,6.744803021880336e-4,9.921987435531612e-4,0.0010922041810351361,0.9084370493919967,1.6193270248100564
United Kingdom,GBR,populationShare,0.012967262540630107,0.00937618497439718,0.008831299895310219,1.0616993065059785,0.6810458157717756
United States,USA,populationShare,0.04730661522557466,0.04510529414903227,0.04340228229154432,1.0392378411358274,0.9174675060683775
Uruguay,URY,populationShare,5.4572110809756e-4,4.990555074323019e-4,4.5852756990485407e-4,1.088387133484378,0.8402232625806402
Uzbekistan,UZB,populationShare,0.0037785409920552213,0.004257323923514432,0.0043904289747324484,0.9696829052504766,1.1619376325316533
Vanuatu,VUT,populationShare,3.5328874453055334e-05,3.6329680063441905e-5,4.339527510074305e-5,0.8371805450962526,1.2283231711331837
"Venezuela, RB",VEN,populationShare,0.0033494538064480018,0.004007094141633806,0.00401596141186909,0.9977919931677937,1.1989899380424358
Vietnam,VNM,populationShare,0.011765700890470352,0.012979824061829216,0.012613123092968883,1.0290729715517284,1.072024795665586
World,WLD,populationShare,1,1,1,1,1
"Yemen, Rep.",YEM,populationShare,0.003161276318625658,0.003457236690763065,0.004041921238953203,0.8553448932761583,1.278572586375619
Zambia,ZMB,populationShare,0.0019741180083484838,0.0021271491290717807,0.00273424397115623,0.7779661037973407,1.3850458582481884
Zimbabwe,ZWE,populationShare,0.0018107492501346358,0.001966368117742956,0.002124298974015695,0.9256550710589515,1.1731602119165565
Afghanistan,AFG,fairShare350,3458750.09329537,NA,NA,NA,NA
Albania,ALB,fairShare350,356778.5456317946,NA,NA,NA,NA
Algeria,DZA,fairShare350,3930106.4329850907,NA,NA,NA,NA
Andorra,AND,fairShare350,6268.308412973891,NA,NA,NA,NA
Angola,AGO,fairShare350,2945660.323568423,NA,NA,NA,NA
Antigua and Barbuda,ATG,fairShare350,12065.593144675015,NA,NA,NA,NA
Argentina,ARG,fairShare350,4497510.970800004,NA,NA,NA,NA
Armenia,ARM,fairShare350,383343.57742434356,NA,NA,NA,NA
Australia,AUS,fairShare350,2510096.7947218097,NA,NA,NA,NA
Austria,AUT,fairShare350,1452154.7647874486,NA,NA,NA,NA
Azerbaijan,AZE,fairShare350,1021278.9846392715,NA,NA,NA,NA
"Bahamas, The",BHS,fairShare350,36051.054375993546,NA,NA,NA,NA
Bahrain,BHR,fairShare350,115248.5256973614,NA,NA,NA,NA
Bangladesh,BGD,fairShare350,15843516.232353205,NA,NA,NA,NA
Barbados,BRB,fairShare350,45517.53670973617,NA,NA,NA,NA
Belgium,BEL,fairShare350,1798990.411411646,NA,NA,NA,NA
Belize,BLZ,fairShare350,33582.54393800279,NA,NA,NA,NA
Benin,BEN,fairShare350,1104127.0143956186,NA,NA,NA,NA
Bhutan,BTN,fairShare350,74662.1281570398,NA,NA,NA,NA
Bolivia,BOL,fairShare350,1135129.5265842734,NA,NA,NA,NA
Bosnia and Herzegovina,BIH,fairShare350,549322.4091338929,NA,NA,NA,NA
Botswana,BWA,fairShare350,197461.90139735315,NA,NA,NA,NA
Brazil,BRA,fairShare350,19168780.984724585,NA,NA,NA,NA
Brunei Darussalam,BRN,fairShare350,33895.64133101208,NA,NA,NA,NA
Bulgaria,BGR,fairShare350,1230157.572957915,NA,NA,NA,NA
Burkina Faso,BFA,fairShare350,2000000.7554695685,NA,NA,NA,NA
Burundi,BDI,fairShare350,1141069.305979759,NA,NA,NA,NA
Cabo Verde,CPV,fairShare350,56908.00654073944,NA,NA,NA,NA
Cambodia,KHM,fairShare350,1617799.5508802026,NA,NA,NA,NA
Cameroon,CMR,fairShare350,2332441.752345573,NA,NA,NA,NA
Canada,CAN,fairShare350,3926037.2227266943,NA,NA,NA,NA
Central African Republic,CAF,fairShare350,487693.0593526169,NA,NA,NA,NA
Chad,TCD,fairShare350,1434625.050142044,NA,NA,NA,NA
Chile,CHL,fairShare350,1863804.831242751,NA,NA,NA,NA
China,CHN,fairShare350,166474326.9204389,NA,NA,NA,NA
Colombia,COL,fairShare350,4472520.706864012,NA,NA,NA,NA
"Congo, Dem. Rep.",COD,fairShare350,8027093.265917197,NA,NA,NA,NA
"Congo, Rep.",COG,fairShare350,490281.61321437615,NA,NA,NA,NA
Costa Rica,CRI,fairShare350,422527.9750324485,NA,NA,NA,NA
Cote d'Ivoire,CIV,fairShare350,2240555.4762743083,NA,NA,NA,NA
Croatia,HRV,fairShare350,705374.8776111547,NA,NA,NA,NA
Cuba,CUB,fairShare350,1305493.7644230546,NA,NA,NA,NA
Cyprus,CYP,fairShare350,126247.87216910442,NA,NA,NA,NA
Czech Republic,CZE,fairShare350,1849251.0388745707,NA,NA,NA,NA
Denmark,DNK,fairShare350,843209.376732533,NA,NA,NA,NA
Djibouti,DJI,fairShare350,74736.46150221427,NA,NA,NA,NA
Dominican Republic,DOM,fairShare350,931451.0409948841,NA,NA,NA,NA
Ecuador,ECU,fairShare350,1519474.0146595149,NA,NA,NA,NA
"Egypt, Arab Rep.",EGY,fairShare350,9181826.300282167,NA,NA,NA,NA
El Salvador,SLV,fairShare350,655069.6530495188,NA,NA,NA,NA
Eritrea,ERI,fairShare350,368602.36298325896,NA,NA,NA,NA
Eswatini,SWZ,fairShare350,108264.24766095176,NA,NA,NA,NA
Fiji,FJI,fairShare350,94748.2443736831,NA,NA,NA,NA
Finland,FIN,fairShare350,808805.6987770334,NA,NA,NA,NA
France,FRA,fairShare350,10246260.952635676,NA,NA,NA,NA
Gabon,GAB,fairShare350,201134.20630627233,NA,NA,NA,NA
"Gambia, The",GMB,fairShare350,205474.41755805054,NA,NA,NA,NA
Georgia,GEO,fairShare350,685527.7856396962,NA,NA,NA,NA
Germany,DEU,fairShare350,13947357.189655757,NA,NA,NA,NA
Ghana,GHA,fairShare350,2629402.2572568534,NA,NA,NA,NA
Greece,GRC,fairShare350,1538106.3947778158,NA,NA,NA,NA
Guatemala,GTM,fairShare350,1533336.931127544,NA,NA,NA,NA
Guinea,GIN,fairShare350,1297793.7712476433,NA,NA,NA,NA
Haiti,HTI,fairShare350,1092953.122763344,NA,NA,NA,NA
Honduras,HND,fairShare350,805320.2353010236,NA,NA,NA,NA
"Hong Kong SAR, China",HKG,fairShare350,677862.8495128481,NA,NA,NA,NA
Hungary,HUN,fairShare350,1780402.8236699079,NA,NA,NA,NA
Iceland,ISL,fairShare350,40160.858017787905,NA,NA,NA,NA
India,IND,fairShare350,134769290.81888002,NA,NA,NA,NA
Indonesia,IDN,fairShare350,25949522.700417563,NA,NA,NA,NA
"Iran, Islamic Rep.",IRN,fairShare350,7614644.536939297,NA,NA,NA,NA
Iraq,IRQ,fairShare350,3332192.949828822,NA,NA,NA,NA
Ireland,IRL,fairShare350,784897.4995393072,NA,NA,NA,NA
Israel,ISR,fairShare350,710470.7196257674,NA,NA,NA,NA
Italy,ITA,fairShare350,9442191.894210456,NA,NA,NA,NA
Jamaica,JAM,fairShare350,339238.66615098785,NA,NA,NA,NA
Japan,JPN,fairShare350,17139390.38284874,NA,NA,NA,NA
Jordan,JOR,fairShare350,669684.503504458,NA,NA,NA,NA
Kazakhstan,KAZ,fairShare350,2159679.636483203,NA,NA,NA,NA
Kenya,KEN,fairShare350,4317129.242488525,NA,NA,NA,NA
"Korea, Dem. People’s Rep.",PRK,fairShare350,2797897.132941862,NA,NA,NA,NA
"Korea, Rep.",KOR,fairShare350,5601476.985877977,NA,NA,NA,NA
Kuwait,KWT,fairShare350,285305.4315139588,NA,NA,NA,NA
Kyrgyz Republic,KGZ,fairShare350,653916.62458773,NA,NA,NA,NA
Lao PDR,LAO,fairShare350,685051.3300141423,NA,NA,NA,NA
Latvia,LVA,fairShare350,351620.66654438525,NA,NA,NA,NA
Lebanon,LBN,fairShare350,509905.48650144,NA,NA,NA,NA
Lesotho,LSO,fairShare350,238055.12379471638,NA,NA,NA,NA
Liberia,LBR,fairShare350,458131.68420538557,NA,NA,NA,NA
Libya,LBY,fairShare350,616088.9878891292,NA,NA,NA,NA
Liechtenstein,LIE,fairShare350,4249.737361200858,NA,NA,NA,NA
Lithuania,LTU,fairShare350,483162.8510609447,NA,NA,NA,NA
Luxembourg,LUX,fairShare350,74437.41320804316,NA,NA,NA,NA
Madagascar,MDG,fairShare350,2465105.406137939,NA,NA,NA,NA
Malawi,MWI,fairShare350,1636943.604153621,NA,NA,NA,NA
Malaysia,MYS,fairShare350,2705177.095750958,NA,NA,NA,NA
Maldives,MDV,fairShare350,39892.28189751549,NA,NA,NA,NA
Mali,MLI,fairShare350,1987517.6250394264,NA,NA,NA,NA
Malta,MLT,fairShare350,64044.024296880496,NA,NA,NA,NA
Mauritania,MRT,fairShare350,418861.1233614059,NA,NA,NA,NA
Mauritius,MUS,fairShare350,148030.23308860027,NA,NA,NA,NA
Mexico,MEX,fairShare350,11567182.803684652,NA,NA,NA,NA
Mongolia,MNG,fairShare350,334668.7515359458,NA,NA,NA,NA
Montenegro,MNE,fairShare350,88240.79122493499,NA,NA,NA,NA
Morocco,MAR,fairShare350,3507286.8598201233,NA,NA,NA,NA
Mozambique,MOZ,fairShare350,2988531.1686683632,NA,NA,NA,NA
Myanmar,MMR,fairShare350,5568892.268655013,NA,NA,NA,NA
Namibia,NAM,fairShare350,226507.39193175858,NA,NA,NA,NA
Nepal,NPL,fairShare350,2970778.578113517,NA,NA,NA,NA
Netherlands,NLD,fairShare350,2178401.2793539176,NA,NA,NA,NA
New Zealand,NZL,fairShare350,502390.4146998497,NA,NA,NA,NA
Nicaragua,NIC,fairShare350,584059.4731240827,NA,NA,NA,NA
Niger,NER,fairShare350,2213596.1192928315,NA,NA,NA,NA
Nigeria,NGA,fairShare350,18376268.724040456,NA,NA,NA,NA
North Macedonia,MKD,fairShare350,283384.41784908687,NA,NA,NA,NA
Norway,NOR,fairShare350,733746.3198987839,NA,NA,NA,NA
Oman,OMN,fairShare350,366466.0378289137,NA,NA,NA,NA
Pakistan,PAK,fairShare350,18721059.29272195,NA,NA,NA,NA
Panama,PAN,fairShare350,370057.4639491385,NA,NA,NA,NA
Papua New Guinea,PNG,fairShare350,822579.8765228417,NA,NA,NA,NA
Paraguay,PRY,fairShare350,612875.3766309656,NA,NA,NA,NA
Peru,PER,fairShare350,3040352.6867958386,NA,NA,NA,NA
Philippines,PHL,fairShare350,9143401.475868205,NA,NA,NA,NA
Poland,POL,fairShare350,6033722.094311862,NA,NA,NA,NA
Portugal,PRT,fairShare350,1592578.485143031,NA,NA,NA,NA
Qatar,QAT,fairShare350,159748.689210084,NA,NA,NA,NA
Romania,ROU,fairShare350,3275077.0824796166,NA,NA,NA,NA
Russian Federation,RUS,fairShare350,21342607.612936847,NA,NA,NA,NA
Rwanda,RWA,fairShare350,1189410.8782692435,NA,NA,NA,NA
Samoa,WSM,fairShare350,23076.45373867759,NA,NA,NA,NA
San Marino,SMR,fairShare350,3748.8704461311845,NA,NA,NA,NA
Sao Tome and Principe,STP,fairShare350,22375.086328207522,NA,NA,NA,NA
Saudi Arabia,SAU,fairShare350,2627848.082903943,NA,NA,NA,NA
Senegal,SEN,fairShare350,1511103.011989215,NA,NA,NA,NA
Serbia,SRB,fairShare350,1346750.8354349406,NA,NA,NA,NA
Seychelles,SYC,fairShare350,10361.154043039865,NA,NA,NA,NA
Sierra Leone,SLE,fairShare350,782796.5196760983,NA,NA,NA,NA
Singapore,SGP,fairShare350,456796.70820216456,NA,NA,NA,NA
Slovak Republic,SVK,fairShare350,823038.9326840773,NA,NA,NA,NA
Slovenia,SVN,fairShare350,300339.6115518801,NA,NA,NA,NA
Somalia,SOM,fairShare350,1466221.8208782875,NA,NA,NA,NA
South Africa,ZAF,fairShare350,5232232.732132022,NA,NA,NA,NA
Spain,ESP,fairShare350,6266547.04258818,NA,NA,NA,NA
Sri Lanka,LKA,fairShare350,2260169.9559696126,NA,NA,NA,NA
Suriname,SUR,fairShare350,65342.74561662957,NA,NA,NA,NA
Sweden,SWE,fairShare350,1493898.9018677284,NA,NA,NA,NA
Switzerland,CHE,fairShare350,1125581.2804792323,NA,NA,NA,NA
Syrian Arab Republic,SYR,fairShare350,1913607.3986692259,NA,NA,NA,NA
Tajikistan,TJK,fairShare350,856144.5987601078,NA,NA,NA,NA
Tanzania,TZA,fairShare350,5235170.721167221,NA,NA,NA,NA
Thailand,THA,fairShare350,6711315.828093566,NA,NA,NA,NA
Togo,TGO,fairShare350,740480.6033334689,NA,NA,NA,NA
Tunisia,TUN,fairShare350,1145228.6920183958,NA,NA,NA,NA
Turkey,TUR,fairShare350,7989603.643234499,NA,NA,NA,NA
Turkmenistan,TKM,fairShare350,551687.9676343325,NA,NA,NA,NA
Uganda,UGA,fairShare350,3761469.2864787285,NA,NA,NA,NA
Ukraine,UKR,fairShare350,7179544.094975744,NA,NA,NA,NA
United Arab Emirates,ARE,fairShare350,536750.6926721911,NA,NA,NA,NA
United Kingdom,GBR,fairShare350,10319333.460393608,NA,NA,NA,NA
United States,USA,fairShare350,37646553.068980806,NA,NA,NA,NA
Uruguay,URY,fairShare350,434284.2657183203,NA,NA,NA,NA
Uzbekistan,UZB,fairShare350,3006958.8217722313,NA,NA,NA,NA
Vanuatu,VUT,fairShare350,28114.679958021698,NA,NA,NA,NA
"Venezuela, RB",VEN,fairShare350,2665491.7050242783,NA,NA,NA,NA
Vietnam,VNM,fairShare350,9363132.002887156,NA,NA,NA,NA
World,WLD,fairShare350,795798915.0030866,NA,NA,NA,NA
"Yemen, Rep.",YEM,fairShare350,2515740.2643872504,NA,NA,NA,NA
Zambia,ZMB,fairShare350,1571000.9691317775,NA,NA,NA,NA
Zimbabwe,ZWE,fairShare350,1440992.288599796,NA,NA,NA,NA
Afghanistan,AFG,fairShare15C,9079721.883418653,5403779.310443497,6461786.659112179,0.8362670567006855,0.7116723113416793
Albania,ALB,fairShare15C,936595.5564661387,546316.06377051,462878.9540119192,1.1802568663695223,0.49421433917368146
Algeria,DZA,fairShare15C,10317100.808442766,6732414.845751864,7129378.988959208,0.9443199549607202,0.691025426748282
Andorra,AND,fairShare15C,16455.220971189116,13447.703824567172,12280.721368135357,1.09502556254226,0.7463115438946248
Angola,AGO,fairShare15C,7732786.6366719445,4488294.600076096,6119472.216710117,0.733444722213159,0.7913670070358788
Antigua and Barbuda,ATG,fairShare15C,31673.936294065832,15648.524711563066,15362.051782591532,1.018648090308885,0.48500608323410815
Argentina,ARG,fairShare15C,11806620.218571816,7430792.053091357,7312144.158279936,1.0162261427350376,0.619325770026712
Armenia,ARM,fairShare15C,1006332.6273716314,553949.6675929299,482147.36187577347,1.1489219093469945,0.4791133157781636
Australia,AUS,fairShare15C,6589369.044243444,4033805.060395884,4101881.8853583243,0.9834035140783939,0.622499947691013
Austria,AUT,fairShare15C,3812117.3950989116,1545213.491794582,1419782.4177283894,1.0883452791779733,0.37243932192480417
Azerbaijan,AZE,fairShare15C,2681005.824583837,1649271.5172332553,1589249.0172706794,1.0377678383376674,0.5927808894325595
"Bahamas, The",BHS,fairShare15C,94639.25941702051,62909.76192839521,62403.43926211784,1.0081136980952383,0.6593821596504887
Bahrain,BHR,fairShare15C,302544.1366332062,214028.9188932158,252565.83455932076,0.8474183345766282,0.8348065752321044
Bangladesh,BGD,fairShare15C,41591533.694224365,26352388.905247718,26138050.599727422,1.008200240668389,0.6284464235411713
Barbados,BRB,fairShare15C,119490.1519320059,50803.987277070024,45672.3564431714,1.1123574790865838,0.3822269509637964
Belgium,BEL,fairShare15C,4722611.396012106,1990016.7041122753,1843438.6568686764,1.0795133847809077,0.39034307553344816
Belize,BLZ,fairShare15C,88159.06060568707,58121.276489255724,64233.95551404199,0.9048372628484636,0.7286143372301123
Benin,BEN,fairShare15C,2898493.9484685315,1723183.4381246374,2156912.730023415,0.7989119884817644,0.7441494680929234
Bhutan,BTN,fairShare15C,195998.9419889522,123601.25750782658,122462.69499260731,1.0092972191677474,0.6248130410801408
Bolivia,BOL,fairShare15C,2979880.0506058172,1816661.0756385312,1900763.0272322404,0.955753584014009,0.6378656170558981
Bosnia and Herzegovina,BIH,fairShare15C,1442051.19327172,657942.1757312379,540880.7991118281,1.2164273104381491,0.37507739089669895
Botswana,BWA,fairShare15C,518366.201343791,360406.8467081452,392459.1911353817,0.918329484564983,0.7571079868208745
Brazil,BRA,fairShare15C,50320837.14947945,34954390.95936805,33418929.078318223,1.0459458732938876,0.6641171127389308
Brunei Darussalam,BRN,fairShare15C,88980.98678545313,69211.51931649583,68361.87033567457,1.0124286971179879,0.768275030490565
Bulgaria,BGR,fairShare15C,3229342.489036923,1371199.305104794,1118231.7030291334,1.226221096567381,0.34627225412768786
Burkina Faso,BFA,fairShare15C,5250292.775269352,2956736.81814439,3764706.1245525507,0.7853831667925498,0.7170468935152693
Burundi,BDI,fairShare15C,2995472.835139286,1678445.3550666336,2157247.7378309155,0.7780494217851347,0.7201693544086525
Cabo Verde,CPV,fairShare15C,149391.79136743658,88458.97130064068,88958.89417362491,0.9943802935318811,0.5954737764327764
Cambodia,KHM,fairShare15C,4246959.042686007,2583026.2689882666,2687896.37310721,0.9609843202408457,0.6328990569702406
Cameroon,CMR,fairShare15C,6122998.727668672,3815160.497809471,4658098.253628484,0.8190382190495025,0.7607544049583777
Canada,CAN,fairShare15C,10306418.539867474,6197333.313222036,6090006.74815925,1.0176233901703353,0.5908945696899245
Central African Republic,CAF,fairShare15C,1280265.189433331,774240.227057159,866389.1213868567,0.8936402915791555,0.6767262974402487
Chad,TCD,fairShare15C,3766099.3454038794,2255669.4194231206,2927096.91057853,0.7706165830284368,0.7772224368299625
Chile,CHL,fairShare15C,4892758.671827824,3077743.5085472176,2940073.781187972,1.0468252627672556,0.6009030852301626
China,CHN,fairShare15C,437019312.8717084,246801832.142084,225637417.45270595,1.0937983377416298,0.5163099451372397
Colombia,COL,fairShare15C,11741017.142254772,8103431.117024421,7883442.264275383,1.0279051771262333,0.6714445749255953
"Congo, Dem. Rep.",COD,fairShare15C,21072286.930493407,12436317.25911797,16326499.818121376,0.761725868842656,0.7747853791083079
"Congo, Rep.",COG,fairShare15C,1287060.5196858933,786449.1117241009,969473.1608864017,0.8112128766979382,0.7532459787695153
Costa Rica,CRI,fairShare15C,1109197.368348598,813147.5847563373,800022.3486924953,1.0164060867615674,0.7212623934400326
Cote d'Ivoire,CIV,fairShare15C,5881783.893082222,3862020.225144892,4699789.057297413,0.8217433118936033,0.7990414375517952
Croatia,HRV,fairShare15C,1851711.612433288,786056.0808201566,657157.950551417,1.1961448235703183,0.35489216902834136
Cuba,CUB,fairShare15C,3427110.945215763,2033644.0320097795,1786957.001146949,1.1380486663666198,0.5214179026335682
Cyprus,CYP,fairShare15C,331419.02038279665,194230.71608949738,189093.81302687418,1.027165897077199,0.57055811947204
Czech Republic,CZE,fairShare15C,4854552.850797777,1913961.8708796308,1711286.6135194227,1.1184344315902683,0.3525116866815441
Denmark,DNK,fairShare15C,2213547.2132153166,1011798.5088923569,936181.0671726359,1.0807722398703208,0.4229325047071275
Djibouti,DJI,fairShare15C,196194.07782780816,153414.75924260245,159243.2128678944,0.9633990452696584,0.8116616700716927
Dominican Republic,DOM,fairShare15C,2445194.411891295,1744324.7000244414,1726238.3014166416,1.0104773475324682,0.705971800451417
Ecuador,ECU,fairShare15C,3988840.213964487,2725643.786242933,2838788.826140384,0.9601431995026967,0.7116827633762063
"Egypt, Arab Rep.",EGY,fairShare15C,24103629.03929568,15439790.588334145,17100315.066820584,0.9028950945056958,0.7094498110198374
El Salvador,SLV,fairShare15C,1719653.0837792582,1118520.924289165,1043860.8958451516,1.0715229670362982,0.6070183025235955
Eritrea,ERI,fairShare15C,967634.7961497869,552999.5938393838,616377.5506392734,0.8971767275849722,0.6369939910096619
Eswatini,SWZ,fairShare15C,284209.39130136033,194328.07625580527,199464.8588119214,0.9742471802466233,0.7018236023046107
Fiji,FJI,fairShare15C,248727.91749911546,154586.83549806822,148298.98053793152,1.0423998529007312,0.5962297358054265
Finland,FIN,fairShare15C,2123232.5564240776,974132.0525070115,880023.4958972557,1.1069386863515551,0.4144734373230319
France,FRA,fairShare15C,26897924.766291972,11329440.98705644,10411108.136783486,1.0882070225577998,0.3870599024736106
Gabon,GAB,fairShare15C,528006.5356682437,310876.94311615714,370929.5980485551,0.8381022834297063,0.7025094823478039
"Gambia, The",GMB,fairShare15C,539400.2212536293,339224.71167193097,430936.4903458942,0.7871802905334145,0.7989178968898961
Georgia,GEO,fairShare15C,1799610.1103199103,783115.2789302715,655526.9896806795,1.1946346851587955,0.3642605617303121
Germany,DEU,fairShare15C,36613840.513154194,14920043.557644315,13287099.317648761,1.1228969695309325,0.3628982682894226
Ghana,GHA,fairShare15C,6902563.229938059,4558628.679513122,5258226.102295764,0.8669518181279434,0.7617787663993553
Greece,GRC,fairShare15C,4037752.9208490495,1943861.866385626,1663963.532478869,1.168211819816617,0.4121013754672672
Guatemala,GTM,fairShare15C,4025232.3853060254,2677578.034849194,2959440.164044328,0.9047582942815964,0.7352221886238579
Guinea,GIN,fairShare15C,3406897.343581901,1934262.292494335,2366913.8508013263,0.8172085738733095,0.6947417582922619
Haiti,HTI,fairShare15C,2869160.858294374,1796527.8279309904,1845168.2385155302,0.9736390375851733,0.6431037957252856
Honduras,HND,fairShare15C,2114082.7080270136,1488055.3059522759,1604429.2301272678,0.927467087990063,0.7589245321554214
"Hong Kong SAR, China",HKG,fairShare15C,1779488.538535682,1264895.8997250516,1198696.6217982627,1.05522604862895,0.6736186245878575
Hungary,HUN,fairShare15C,4673816.275628653,1811175.8834189558,1549375.4761754752,1.1689715703321422,0.33150115126574503
Iceland,ISL,fairShare15C,105428.09152584763,56573.0953917967,54090.01946044115,1.0459063604732395,0.5130513004418751
India,IND,fairShare15C,353788983.3188647,220193519.28022447,219413229.10069513,1.0035562585844413,0.6201810668110637
Indonesia,IDN,fairShare15C,68121270.04607195,43840638.03056043,43748361.79280773,1.002109250128947,0.6422129499819913
"Iran, Islamic Rep.",IRN,fairShare15C,19989549.04852032,13509628.589925107,13510365.606078112,0.9999454480970763,0.6758714552931941
Iraq,IRQ,fairShare15C,8747490.98091325,5731516.310703399,6855610.429498993,0.8360329644813638,0.7837230634998903
Ireland,IRL,fairShare15C,2060470.0572678896,796578.6741027149,777390.5678552036,1.0246827103915739,0.3772879713117482
Israel,ISR,fairShare15C,1865088.9386368243,1314563.32586184,1422463.3870334725,0.9241456320386168,0.7626785820053908
Italy,ITA,fairShare15C,24787126.57948009,10714057.915633759,9437151.456892647,1.135306343717573,0.38072793256743
Jamaica,JAM,fairShare15C,890550.8226002487,507623.03603265225,467678.6184462608,1.0854099717431946,0.5251565734123103
Japan,JPN,fairShare15C,44993391.754226744,23068922.59530409,19768839.022429656,1.1669336054145705,0.43937205557686243
Jordan,JOR,fairShare15C,1758019.1911646498,1343740.4577847982,1473590.0181517417,0.9118821661605662,0.8382104277118386
Kazakhstan,KAZ,fairShare15C,5669473.05460487,3111429.5793529027,3076867.1290890095,1.0112330005859325,0.5427077789160513
Kenya,KEN,fairShare15C,11333091.954967733,7759715.45411245,9123704.44894143,0.8505005283257245,0.8050498915207475
"Korea, Dem. People’s Rep.",PRK,fairShare15C,7344886.777096525,4406218.754276714,4089805.8554121293,1.0773662393890577,0.5568235399033411
"Korea, Rep.",KOR,fairShare15C,14704691.520422865,8901872.956441803,7987990.839337953,1.1144070061527,0.5432273657861979
Kuwait,KWT,fairShare15C,748968.2400000648,561850.8808836573,623112.9473385783,0.9016838492658806,0.8319617762944452
Kyrgyz Republic,KGZ,fairShare15C,1716626.2164213064,1026666.3571541001,1074051.727788878,0.9558816680716776,0.6256759436122212
Lao PDR,LAO,fairShare15C,1798359.3450280768,1134979.1298409598,1176070.0704342478,0.9650608057918558,0.6539683371322468
Latvia,LVA,fairShare15C,923055.3739265674,392644.35642836615,313954.9566109062,1.2506391383875555,0.34012580986921653
Lebanon,LBN,fairShare15C,1338576.0402976256,933600.006999127,914371.0336197972,1.0210297271811055,0.6830923355063874
Lesotho,LSO,fairShare15C,624929.3122300864,371593.88929641194,359107.35831517377,1.0347710251324878,0.5746367649705598
Liberia,LBR,fairShare15C,1202662.2815653805,705064.869827798,866170.8217927327,0.8140021022279529,0.7202111807026392
Libya,LBY,fairShare15C,1617323.1700994326,1106753.957913714,1111493.3769454286,0.9957359898583118,0.6872425978273063
Liechtenstein,LIE,fairShare15C,11156.178468075886,6431.00142561558,6032.3499393825705,1.066085603494318,0.5407183074961128
Lithuania,LTU,fairShare15C,1268372.733993409,570992.5626548703,456327.39954183274,1.251278277894698,0.3597738955686224
Luxembourg,LUX,fairShare15C,195409.03257517546,94961.61803559185,98023.22017115925,0.9687665623489872,0.5016309577882431
Madagascar,MDG,fairShare15C,6471260.107641681,3944938.0138153727,4888747.3217174355,0.8069425057602488,0.7554552344364103
Malawi,MWI,fairShare15C,4297214.965997997,2764010.330064964,3425946.767669205,0.8067872963319332,0.7972481699838709
Malaysia,MYS,fairShare15C,7101483.198345467,5009310.101285914,5148258.001212631,0.9730106960657393,0.7249553167163859
Maldives,MDV,fairShare15C,104723.04016023198,70163.76179291918,73099.53404691267,0.9598387008580737,0.6980272338834548
Mali,MLI,fairShare15C,5217522.742892673,2849545.821921895,3694834.1785429,0.7712242780664235,0.7081587106785524
Malta,MLT,fairShare15C,168124.87552592967,75399.2182833623,68838.13162996591,1.095311806088303,0.40944643922932805
Mauritania,MRT,fairShare15C,1099571.3495664506,661146.9467331723,817691.6946481946,0.8085528458469002,0.743645871612244
Mauritius,MUS,fairShare15C,388600.8848651867,221880.51125777635,199498.645661073,1.1121905641140428,0.5133767148530375
Mexico,MEX,fairShare15C,30365536.682083264,20586048.15836671,20555998.11171275,1.0014618626879925,0.6769515825432953
Mongolia,MNG,fairShare15C,878554.1322883395,513234.3968949067,533333.517755285,0.9623141614182205,0.6070582314218131
Montenegro,MNE,fairShare15C,231644.90682582482,113354.15126049728,100126.91663244978,1.1321046834649129,0.43224311729735465
Morocco,MAR,fairShare15C,9207137.952599095,5933237.034735232,5969180.375415395,0.9939785132263386,0.6483209447003395
Mozambique,MOZ,fairShare15C,7845328.838309795,4452261.811652379,5666908.729872095,0.7856596998259523,0.7223290249096785
Myanmar,MMR,fairShare15C,14619151.900024196,9159488.134182071,8809738.384852339,1.0397003559074014,0.602616242385289
Namibia,NAM,fairShare15C,594614.8370955007,391206.2061239408,429755.94568475755,0.9102985311828717,0.7227467578575318
Nepal,NPL,fairShare15C,7798725.706947205,4806249.206751072,4796009.535408138,1.0021350398216133,0.6149734861345093
Netherlands,NLD,fairShare15C,5718620.089192968,3003133.6324929027,2733116.6452954425,1.0987945346797565,0.4779328933671392
New Zealand,NZL,fairShare15C,1318847.8841568762,788103.7105951784,769164.141976552,1.024623571985502,0.5832091412636792
Nicaragua,NIC,fairShare15C,1533241.0368770256,1054934.1608879887,1075724.8871838588,0.9806728220722883,0.7016019407978694
Niger,NER,fairShare15C,5811011.661222477,3248738.240693698,4758939.918070363,0.6826600664483666,0.8189520509530714
Nigeria,NGA,fairShare15C,48240377.23705039,29820973.1263281,36511707.955699235,0.8167509764952873,0.7568702826738447
North Macedonia,MKD,fairShare15C,743925.2998220234,373724.6731916682,327684.18986436044,1.1405026081556313,0.4404799647797374
Norway,NOR,fairShare15C,1926190.773533274,900903.0287342157,881174.015742302,1.0223894629658297,0.45746975213983404
Oman,OMN,fairShare15C,962026.6320064431,647876.9506126004,751870.8289500276,0.8616865100583134,0.781548871866358
Pakistan,PAK,fairShare15C,49145502.611017786,32754197.20688718,36558577.80931045,0.89593740155137,0.7438845035051995
Panama,PAN,fairShare15C,971454.6477511184,663227.5720776827,699257.7056258111,0.9484737411425695,0.7198047868159022
Papua New Guinea,PNG,fairShare15C,2159391.7757175295,1338092.789038913,1501569.2418180462,0.8911295941429902,0.6953667503522375
Paraguay,PRY,fairShare15C,1608886.9733004475,1122627.0320097352,1148821.6704673716,0.9771986905095726,0.7140474685494503
Peru,PER,fairShare15C,7981367.858037211,5315517.055065011,5301021.520212742,1.0027344795332367,0.6641745643730267
Philippines,PHL,fairShare15C,24002758.28839226,16933000.848330397,17662628.5667448,0.9586908757291003,0.7358582857240391
Poland,POL,fairShare15C,15839397.776782816,6942828.376036879,6011297.4155065585,1.15496337914131,0.37951552831874963
Portugal,PRT,fairShare15C,4180750.0780832036,1868884.1184351987,1623074.8360284404,1.1514466720513257,0.3882257503353537
Qatar,QAT,fairShare15C,419363.53600103175,318990.85526990663,398419.76291292295,0.8006401412864251,0.9500581922600507
Romania,ROU,fairShare15C,8597553.524701454,3790229.310671257,3155289.5964157204,1.2012302499830132,0.36699854061394593
Russian Federation,RUS,fairShare15C,56027448.11428948,26518763.095849965,23219307.897742923,1.1420996358994737,0.4144273687136033
Rwanda,RWA,fairShare15C,3122376.491071682,1873571.2616412344,2223858.473835076,0.8424867336140477,0.7122326472141063
Samoa,WSM,fairShare15C,60579.04628869521,34097.34449618437,33745.30465501248,1.0104322614589167,0.5570458223161193
San Marino,SMR,fairShare15C,9841.329991959014,5553.183504231779,5190.797708054042,1.0698131224831704,0.5274488013607156
Sao Tome and Principe,STP,fairShare15C,58737.85486017707,33023.7674421511,38261.52779054224,0.8631063459602402,0.6513947075803527
Saudi Arabia,SAU,fairShare15C,6898483.296290895,5008526.855172852,5370665.405677624,0.9325710087763175,0.7785284351656353
Senegal,SEN,fairShare15C,3966865.114844428,2407032.156771261,2978943.0600609356,0.8080154968527743,0.7509564791889233
Serbia,SRB,fairShare15C,3535416.755236131,1657035.9642985049,1389834.0294419546,1.1922545636358013,0.39311745281048976
Seychelles,SYC,fairShare15C,27199.53583360172,16292.06133238436,15454.632420893051,1.054186271707064,0.5681947116833049
Sierra Leone,SLE,fairShare15C,2054954.6796528434,1168797.9164632196,1334613.4214920502,0.8757576520971483,0.6494612434555077
Singapore,SGP,fairShare15C,1199157.77545672,884033.4629252517,885979.1020109971,0.9978039672929878,0.7388344721140274
Slovak Republic,SVK,fairShare15C,2160596.8648857144,985741.0073738412,866009.1725357589,1.138257005393483,0.40081941550978173
Slovenia,SVN,fairShare15C,788435.1485096391,370636.12022156426,328094.9082437177,1.1296612989380677,0.4161342995221712
Somalia,SOM,fairShare15C,3849045.4626314165,2267210.624480741,2929585.697427702,0.7739014518235279,0.7611200558345389
South Africa,ZAF,fairShare15C,13735371.667692637,9376070.341547372,9555912.926908392,0.9811799681792198,0.6957156426560434
Spain,ESP,fairShare15C,16450597.117830371,8056319.052403644,7247327.70869287,1.111626157423573,0.44055104242007614
Sri Lanka,LKA,fairShare15C,5933274.754149795,3649535.7649823474,3380013.8471552976,1.0797398856971803,0.5696708794399383
Suriname,SUR,fairShare15C,171534.2078191897,95588.95757694171,93551.9655593803,1.021773909349542,0.545383726947288
Sweden,SWE,fairShare15C,3921701.8243662845,1726613.027323319,1629575.6291583455,1.0595476493564722,0.41552767194932566
Switzerland,CHE,fairShare15C,2954814.516303046,1432796.9395749464,1377611.9397300617,1.0400584506081576,0.46622619867648357
Syrian Arab Republic,SYR,fairShare15C,5023497.652417705,3351425.5057020574,3688880.979690635,0.9085209103122438,0.7343252122184736
Tajikistan,TJK,fairShare15C,2247504.051767578,1426390.1995974844,1630707.2591456391,0.8747064757317627,0.725563657099149
Tanzania,TZA,fairShare15C,13743084.316081963,8482439.78327126,10931026.362806883,0.7759966449383925,0.795383780772963
Thailand,THA,fairShare15C,17618179.847395886,11988524.325629864,10881940.965760214,1.1016898881689847,0.6176540970756781
Togo,TGO,fairShare15C,1943869.2466873708,1195359.1585436473,1442946.513877784,0.8284154312353763,0.742306364657381
Tunisia,TUN,fairShare15C,3006391.828248908,1936676.4956654278,1891399.9452461568,1.023938115538741,0.6291262261538991
Turkey,TUR,fairShare15C,20973871.220109172,13206126.621315984,13077161.403972706,1.0098618662995242,0.6234977447289122
Turkmenistan,TKM,fairShare15C,1448261.128278179,946261.6581280865,976910.0846931214,0.9686271776233505,0.6745400160360296
Uganda,UGA,fairShare15C,9874403.779692635,6248180.77974788,7967885.001265846,0.7841705520041066,0.8069231498971441
Ukraine,UKR,fairShare15C,18847347.126490846,8446496.2268592,7005763.045342278,1.2056497161254665,0.3717108300878771
United Arab Emirates,ARE,fairShare15C,1409048.60968214,1219974.5049102395,1337933.3071220291,0.9118350656315405,0.9495295605336473
United Kingdom,GBR,fairShare15C,27089750.723608773,11528644.534585778,10818206.412578017,1.0656706014762074,0.3993468423889899
United States,USA,fairShare15C,98827675.46528143,55459966.31807673,53167127.62254266,1.0431251188104793,0.5379781257854283
Uruguay,URY,fairShare15C,1140059.3407169573,613622.0183288611,561689.2140332259,1.0924582544904684,0.49268419105271516
Uzbekistan,UZB,fairShare15C,7893704.107014977,5234663.598980618,5378207.902739382,0.9733100121165545,0.6813287944198309
Vanuatu,VUT,fairShare15C,73805.1226525436,44669.76373123198,53158.54392168785,0.8403120257966173,0.7202554783621893
"Venezuela, RB",VEN,fairShare15C,6997303.277589833,4926989.399383874,4919490.903215663,1.0015242423079407,0.7030552640145309
Vietnam,VNM,fairShare15C,24579582.869762413,15959559.046552736,15450881.607978582,1.0329222274482694,0.6286063392469577
World,WLD,fairShare15C,2089087857.882796,1229566669.8199909,1224984604.851085,1.003740508207826,0.5863729475181365
"Yemen, Rep.",YEM,fairShare15C,6604183.972653287,4250903.004641027,4951291.291738297,0.8585443178699798,0.7497203760889588
Zambia,ZMB,fairShare15C,4124105.9612685856,2615471.670843283,3349406.7705732756,0.780876092394005,0.8121534223487773
Zimbabwe,ZWE,fairShare15C,3782814.272126646,2417780.6981734103,2602233.539270181,0.9291174914498633,0.6879094113725127
Afghanistan,AFG,fairShare2C,12019884.57050852,5403779.310443497,10030219.31634538,0.5387498657818405,0.8344688551298656
Albania,ALB,fairShare2C,1239880.5406730652,546316.06377051,718497.4791937798,0.7603590542635262,0.5794892778974865
Algeria,DZA,fairShare2C,13657947.061820177,6732414.845751864,11066480.312804168,0.6083609833889378,0.8102594235219822
Andorra,AND,fairShare2C,21783.691086079103,13447.703824567172,19062.580549858463,0.7054503344599385,0.8750849649185684
Angola,AGO,fairShare2C,10236789.625782188,4488294.600076096,9498866.439257836,0.4725084439050998,0.9279145890948239
Antigua and Barbuda,ATG,fairShare2C,41930.475738863264,15648.524711563066,23845.533233623984,0.6562455348869061,0.5686921699178994
Argentina,ARG,fairShare2C,15629797.257802397,7430792.053091357,11350175.028891833,0.6546852391418019,0.726188244266945
Armenia,ARM,fairShare2C,1332199.6175492154,553949.6675929299,748406.5998359346,0.7401720772029089,0.561782626249918
Australia,AUS,fairShare2C,8723114.685806537,4033805.060395884,6367089.644142028,0.6335398566450439,0.7299101150764394
Austria,AUT,fairShare2C,5046543.456578227,1545213.491794582,2203837.6973069934,0.7011466832075586,0.4367024115158002
Azerbaijan,AZE,fairShare2C,3549159.4300050726,1649271.5172332553,2466889.891673,0.6685630853652529,0.695063138279329
"Bahamas, The",BHS,fairShare2C,125285.00196777965,62909.76192839521,96864.87885059312,0.6494589439938169,0.7731562224463586
Bahrain,BHR,fairShare2C,400512.88426095294,214028.9188932158,392041.8370472561,0.5459338740610408,0.9788495013604168
Bangladesh,BGD,fairShare2C,55059553.6442536,26352388.905247718,40572428.93454176,0.6495146974750712,0.7368826343323651
Barbados,BRB,fairShare2C,158183.0205788708,50803.987277070024,70894.2860521877,0.7166161069690649,0.4481788613768408
Belgium,BEL,fairShare2C,6251870.330422569,1990016.7041122753,2861452.2577200714,0.6954568956177054,0.4576953945758922
Belize,BLZ,fairShare2C,116706.4086246929,58121.276489255724,99706.27248327248,0.5829249759487961,0.854334167748321
Benin,BEN,fairShare2C,3837073.771227847,1723183.4381246374,3348038.0689826985,0.51468454140016,0.8725498305734531
Bhutan,BTN,fairShare2C,259466.6101999563,123601.25750782658,190091.03111047763,0.6502214059536121,0.732622324560317
Bolivia,BOL,fairShare2C,3944814.0264795264,1816661.0756385312,2950433.2218481805,0.6157268912870215,0.7479270764206946
Bosnia and Herzegovina,BIH,fairShare2C,1909010.9928966127,657942.1757312379,839574.7686038857,0.7836612060475787,0.4397956699714798
Botswana,BWA,fairShare2C,686221.6690561663,360406.8467081452,609189.372455116,0.5916170947888612,0.8877442959401136
Brazil,BRA,fairShare2C,66615548.55911121,34954390.95936805,51874072.242889345,0.6738316358835591,0.7787081749669743
Brunei Darussalam,BRN,fairShare2C,117794.48796601158,69211.51931649583,106113.7713940855,0.6522388037595797,0.9008381735544668
Bulgaria,BGR,fairShare2C,4275056.489092324,1371199.305104794,1735759.7549365158,0.7899706749192054,0.40602030858896343
Burkina Faso,BFA,fairShare2C,6950423.584598976,2956736.81814439,5843713.214765731,0.5059688436922931,0.8407708024751848
Burundi,BDI,fairShare2C,3965456.0100811804,1678445.3550666336,3348558.0802364256,0.5012442116423218,0.8444320329675966
Cabo Verde,CPV,fairShare2C,197767.30070304542,88458.97130064068,138085.21787743637,0.6406114474842365,0.6982206734205074
Cambodia,KHM,fairShare2C,5622193.953097476,2583026.2689882666,4172250.1134970677,0.6190966981179475,0.7421035539334996
Cameroon,CMR,fairShare2C,8105726.020788348,3815160.497809471,7230468.838690886,0.5276504999778445,0.8920198906485695
Canada,CAN,fairShare2C,13643805.699686537,6197333.313222036,9453129.071651109,0.6555853904298371,0.6928513407273377
Central African Republic,CAF,fairShare2C,1694836.0306863058,774240.227057159,1344840.5772653488,0.5757115305306516,0.7934930299545082
Chad,TCD,fairShare2C,4985624.008538267,2255669.4194231206,4543545.852275709,0.496455740243786,0.9113294232566546
Chile,CHL,fairShare2C,6477114.081448276,3077743.5085472176,4563689.020894406,0.674398166583233,0.7045867902752718
China,CHN,fairShare2C,578533325.4968685,246801832.142084,350242572.5914278,0.704659717166903,0.6053974026312571
Colombia,COL,fairShare2C,15542950.830684278,8103431.117024421,12236964.643040806,0.6622092449725973,0.7872999648743065
"Congo, Dem. Rep.",COD,fairShare2C,27895838.63837466,12436317.25911797,25342584.40939151,0.4907280590731422,0.9084718598324989
"Congo, Rep.",COG,fairShare2C,1703831.800193679,786449.1117241009,1504851.3573701358,0.5226091652656591,0.8832159120396013
Costa Rica,CRI,fairShare2C,1468373.646753386,813147.5847563373,1241823.6686981525,0.6548011648133495,0.8457136720233699
Cote d'Ivoire,CIV,fairShare2C,7786401.871254841,3862020.225144892,7295182.814303866,0.529393206921768,0.9369132154911738
Croatia,HRV,fairShare2C,2451326.1667149323,786056.0808201566,1020064.3749535981,0.7705945821859661,0.416127559361309
Cuba,CUB,fairShare2C,4536865.611164496,2033644.0320097795,2773779.385784513,0.7331671878564345,0.6113867201529374
Cyprus,CYP,fairShare2C,438737.9283882133,194230.71608949738,293518.26608960604,0.6617329772253496,0.6690059078500482
Czech Republic,CZE,fairShare2C,6426536.589692575,1913961.8708796308,2656321.0691149808,0.7205310732701882,0.41333633319312524
Denmark,DNK,fairShare2C,2930330.062510806,1011798.5088923569,1453174.1635744383,0.6962678901499255,0.4959080146518749
Djibouti,DJI,fairShare2C,259724.93422008972,153414.75924260245,247183.08325021487,0.6206523408695651,0.9517110245593635
Dominican Republic,DOM,fairShare2C,3236988.4188919333,1744324.7000244414,2679529.6206611963,0.6509816822230219,0.8277847412189497
Ecuador,ECU,fairShare2C,5280492.019211878,2725643.786242933,4406470.844843842,0.618554821356029,0.834481110626035
"Egypt, Arab Rep.",EGY,fairShare2C,31908778.980530422,15439790.588334145,26543728.468185276,0.5816737692611622,0.8318628702270712
El Salvador,SLV,fairShare2C,2276504.923140126,1118520.924289165,1620318.6941059092,0.6903092140811004,0.7117571667145363
Eritrea,ERI,fairShare2C,1280970.794641651,552999.5938393838,956763.5610292846,0.5779898152104244,0.7469050543786498
Eswatini,SWZ,fairShare2C,376241.0480364407,194328.07625580527,309616.579025579,0.6276410548407708,0.8229207861328071
Fiji,FJI,fairShare2C,329270.09177033004,154586.83549806822,230195.04939679644,0.6715471766362824,0.6991070709129584
Finland,FIN,fairShare2C,2810770.040343359,974132.0525070115,1366004.3472557496,0.7131251481475922,0.4859893650669767
France,FRA,fairShare2C,35607913.43922979,11329440.98705644,16160499.169508934,0.7010576138905681,0.4538457216003189
Gabon,GAB,fairShare2C,698983.701559898,310876.94311615714,575770.3582033805,0.5399321772767355,0.8237250123550142
"Gambia, The",GMB,fairShare2C,714066.849185719,339224.71167193097,668915.2300455783,0.507126608028968,0.9367683583243935
Georgia,GEO,fairShare2C,2382353.344706301,783115.2789302715,1017532.7384120534,0.7696217029364477,0.4271124351360633
Germany,DEU,fairShare2C,48470001.868099034,14920043.557644315,20624716.856930584,0.7234059823047069,0.4255150827733911
Ghana,GHA,fairShare2C,9137726.279480845,4558628.679513122,8162009.023709373,0.5585179661368924,0.8932210020382765
Greece,GRC,fairShare2C,5345243.461858731,1943861.866385626,2582864.468548853,0.7525992517438432,0.48320801231581306
Guatemala,GTM,fairShare2C,5328668.5717992755,2677578.034849194,4593750.221868851,0.5828741018835563,0.8620821805619875
Guinea,GIN,fairShare2C,4510106.514188523,1934262.292494335,3674009.4154849043,0.5264717842970053,0.8146169949482772
Haiti,HTI,fairShare2C,3798242.1459295456,1796527.8279309904,2864136.9770026254,0.6272492699741936,0.7540690843189208
Honduras,HND,fairShare2C,2798657.321145296,1488055.3059522759,2490453.1679389654,0.5975038298687431,0.8898742797563354
"Hong Kong SAR, China",HKG,fairShare2C,2355716.0783528783,1264895.8997250516,1860660.3165154357,0.6798102203275308,0.7898491391273321
Hungary,HUN,fairShare2C,6187274.550712152,1811175.8834189558,2404996.7368533146,0.7530887072174115,0.38870050409780194
Iceland,ISL,fairShare2C,139567.43465280716,56573.0953917967,83960.48749900328,0.6738061804663568,0.6015764903028155
India,IND,fairShare2C,468351651.78090084,220193519.28022447,340581161.9738436,0.6465228963460263,0.7271911194906397
Indonesia,IDN,fairShare2C,90180053.22889142,43840638.03056043,67907791.86340025,0.6455906874243231,0.7530245262889721
"Iran, Islamic Rep.",IRN,fairShare2C,26462492.493136425,13509628.589925107,20971278.877163004,0.6441966972570577,0.7924906878141703
Iraq,IRQ,fairShare2C,11580071.859266395,5731516.310703399,10641526.838143464,0.5385990561203459,0.9189517100991126
Ireland,IRL,fairShare2C,2727684.015804249,796578.6741027149,1206693.7986958076,0.6601332292945034,0.4423876782296639
Israel,ISR,fairShare2C,2469035.2902864576,1314563.32586184,2207999.194974586,0.5953640421852466,0.8942760776491022
Italy,ITA,fairShare2C,32813604.221075106,10714057.915633759,14648688.33153445,0.7314004962867184,0.44642119265051894
Jamaica,JAM,fairShare2C,1178925.7676905915,507623.03603265225,725947.6921860984,0.6992556646939817,0.6157704853700534
Japan,JPN,fairShare2C,59562989.072287545,23068922.59530409,30685908.013518333,0.7517757853259983,0.5151841519618321
Jordan,JOR,fairShare2C,2327294.604598795,1343740.4577847982,2287359.8037466165,0.5874635269815434,0.982840676563566
Kazakhstan,KAZ,fairShare2C,7505341.305267021,3111429.5793529027,4776024.610545869,0.6514684979810618,0.6363500893948953
Kenya,KEN,fairShare2C,15002932.7852475,7759715.45411245,14162144.531861108,0.5479195214153567,0.9439584069713927
"Korea, Dem. People’s Rep.",PRK,fairShare2C,9723281.437218873,4406218.754276714,6348344.793031804,0.6940736361883109,0.6529014750855145
"Korea, Rep.",KOR,fairShare2C,19466311.522514354,8901872.956441803,12399248.728296114,0.7179364775647246,0.6369593291443726
Kuwait,KWT,fairShare2C,991496.4254817151,561850.8808836573,967218.4877609417,0.5808934465100141,0.9755138424135236
Kyrgyz Republic,KGZ,fairShare2C,2272497.90654645,1026666.3571541001,1667181.9970457354,0.6158094071153384,0.7336341178766485
Lao PDR,LAO,fairShare2C,2380697.561123316,1134979.1298409598,1825538.563890937,0.6217228999106298,0.7668082639735091
Latvia,LVA,fairShare2C,1221955.8252160337,392644.35642836615,487332.2559822412,0.8057015549626875,0.3988133170821327
Lebanon,LBN,fairShare2C,1772028.890291061,933600.006999127,1419319.839473017,0.657779861194476,0.8009575054049426
Lesotho,LSO,fairShare2C,827291.6609318758,371593.88929641194,557419.4494544804,0.6666324428759581,0.6737883092240933
Liberia,LBR,fairShare2C,1592104.0299835086,705064.869827798,1344501.7247279247,0.5244060731647451,0.8444810762408856
Libya,LBY,fairShare2C,2141038.9070732887,1106753.957913714,1725300.281108283,0.641484830224897,0.8058238808311508
Liechtenstein,LIE,fairShare2C,14768.731813157205,6431.00142561558,9363.632084576306,0.6868062913544702,0.6340173417080003
Lithuania,LTU,fairShare2C,1679092.603356354,570992.5626548703,708327.9190295978,0.8061133089842406,0.4218516105744939
Luxembourg,LUX,fairShare2C,258685.67845428232,94961.61803559185,152155.19302616903,0.624110266280951,0.5881856078594606
Madagascar,MDG,fairShare2C,8566760.140708491,3944938.0138153727,7588490.676935964,0.5198580563333098,0.8858063669690159
Malawi,MWI,fairShare2C,5688723.567655119,2764010.330064964,5317878.670195528,0.5197580654775142,0.9348105259379913
Malaysia,MYS,fairShare2C,9401059.792304918,5009310.101285914,7991312.553854485,0.6268444723601445,0.8500437961681343
Maldives,MDV,fairShare2C,138634.07610506838,70163.76179291918,113467.74461816248,0.6183586536335213,0.8184693677488587
Mali,MLI,fairShare2C,6907042.078910037,2849545.821921895,5735255.449211315,0.4968472367370752,0.8303489950818954
Malta,MLT,fairShare2C,222566.4643917386,75399.2182833623,106853.04142660697,0.7056347416666746,0.4800949762069061
Mauritania,MRT,fairShare2C,1455630.5653990707,661146.9467331723,1269250.6675239534,0.5208954886925006,0.8719593402986697
Mauritius,MUS,fairShare2C,514436.2173258919,221880.51125777635,309669.0241966867,0.7165085750289595,0.6019580538213029
Mexico,MEX,fairShare2C,40198394.89871673,20586048.15836671,31907764.865017805,0.6451736198211834,0.7937571872064078
Mongolia,MNG,fairShare2C,1163044.3525295588,513234.3968949067,827859.6050985197,0.6199534241483241,0.7118039852031177
Montenegro,MNE,fairShare2C,306655.32239234925,113354.15126049728,155420.62687518177,0.7293378848068341,0.5068251405606758
Morocco,MAR,fairShare2C,12188560.050180832,5933237.034735232,9265577.999207333,0.6403526078181867,0.7601864339233302
Mozambique,MOZ,fairShare2C,10385774.835942449,4452261.811652379,8796381.00186659,0.5061469950775904,0.8469643469859001
Myanmar,MMR,fairShare2C,19353072.771746583,9159488.134182071,13674795.034448886,0.6698080747176048,0.7065955466468676
Namibia,NAM,fairShare2C,787160.862146211,391206.2061239408,667082.7458599169,0.5864432989038688,0.8474541582785271
Nepal,NPL,fairShare2C,10324080.847206347,4806249.206751072,7444539.725803446,0.645607301965517,0.7210849891608421
Netherlands,NLD,fairShare2C,7570402.954766498,3003133.6324929027,4242442.657992977,0.7078784263199991,0.5603985261209693
New Zealand,NZL,fairShare2C,1745912.434011291,788103.7105951784,1193924.4424627016,0.6600951304502662,0.6838398187700749
Nicaragua,NIC,fairShare2C,2029729.601705565,1054934.1608879887,1669779.1356651597,0.6317806579058456,0.822660877715957
Niger,NER,fairShare2C,7692712.431349761,3248738.240693698,7386998.923006039,0.43979135161044103,0.9602593349131495
Nigeria,NGA,fairShare2C,63861401.64557688,29820973.1263281,56674795.64550229,0.5261769854955743,0.887465576782054
North Macedonia,MKD,fairShare2C,984820.4986621136,373724.6731916682,508643.2691496626,0.7347480952936858,0.5164832269846723
Norway,NOR,fairShare2C,2549922.90027403,900903.0287342157,1367790.2258342924,0.658655846282791,0.5364045421480397
Oman,OMN,fairShare2C,1273546.6150774553,647876.9506126004,1167081.1355705357,0.5551258870240253,0.9164023693781758
Pakistan,PAK,fairShare2C,65059621.44312316,32754197.20688718,56747548.73003543,0.5771914019177887,0.872239147281938
Panama,PAN,fairShare2C,1286027.5767671394,663227.5720776827,1085413.1397515086,0.6110369847093616,0.8440045605243223
Papua New Guinea,PNG,fairShare2C,2858638.20719335,1338092.789038913,2330790.1682075616,0.5740940592983286,0.8153498271808111
Paraguay,PRY,fairShare2C,2129870.931551585,1122627.0320097352,1783242.6104487327,0.6295425117321748,0.837253837325092
Peru,PER,fairShare2C,10565865.518807398,5315517.055065011,8228437.621570406,0.6459934801147024,0.7787755396776217
Philippines,PHL,fairShare2C,31775244.62805055,16933000.848330397,27416571.8513428,0.6176191881371579,0.8628280339701933
Poland,POL,fairShare2C,20968454.253096003,6942828.376036879,9330953.594434384,0.7440641844128401,0.4449995923307825
Portugal,PRT,fairShare2C,5534545.441141188,1868884.1184351987,2519395.552815008,0.7417986097288414,0.45521273239298304
Qatar,QAT,fairShare2C,555160.3188439066,318990.85526990663,618441.5878768754,0.5157978724636061,1.1139873778528495
Romania,ROU,fairShare2C,11381582.19850347,3790229.310671257,4897754.805012536,0.7738707758077643,0.43032284260588366
Russian Federation,RUS,fairShare2C,74170053.63828975,26518763.095849965,36041850.78745862,0.7357769514177563,0.48593534748169953
Rwanda,RWA,fairShare2C,4133453.1487015327,1873571.2616412344,3451953.677490128,0.5427567796922131,0.8351258749780464
Samoa,WSM,fairShare2C,80195.53386446327,34097.34449618437,52380.68423527472,0.6509526363388396,0.6531621115435452
San Marino,SMR,fairShare2C,13028.113861026357,5553.183504231779,8057.344227721449,0.6892076777762508,0.6184582291551058
Sao Tome and Principe,STP,fairShare2C,77758.13448955367,33023.7674421511,59390.92937653731,0.5560405905215099,0.7637905637321599
Saudi Arabia,SAU,fairShare2C,9132325.196482498,5008526.855172852,8336541.383286238,0.6007919381548739,0.9128607669925319
Senegal,SEN,fairShare2C,5251401.023007362,2407032.156771261,4624023.32351553,0.5205493113605781,0.8805313673925921
Serbia,SRB,fairShare2C,4680242.616702258,1657035.9642985049,2157350.724194006,0.7680883528651,0.46094848085334844
Seychelles,SYC,fairShare2C,36007.19111103509,16292.06133238436,23989.240253926488,0.6791403629265719,0.6662347023946149
Sierra Leone,SLE,fairShare2C,2720382.6685662144,1168797.9164632196,2071635.2962885657,0.5641909647693188,0.7615234872013161
Singapore,SGP,fairShare2C,1587464.7073871118,884033.4629252517,1375248.8547942888,0.6428170871354671,0.8663177508102716
Slovak Republic,SVK,fairShare2C,2860233.5239755968,985741.0073738412,1344250.8068958598,0.7333014064913315,0.46997939001407524
Slovenia,SVN,fairShare2C,1043743.3655015661,370636.12022156426,509280.80109547474,0.7277637786940278,0.4879368031726287
Somalia,SOM,fairShare2C,5095429.437322114,2267210.624480741,4547409.037373848,0.49857195731617465,0.892448633291981
South Africa,ZAF,fairShare2C,18183110.02236743,9376070.341547372,14833034.187167076,0.6321073775761373,0.8157589196193966
Spain,ESP,fairShare2C,21777569.95325624,8056319.052403644,11249564.588008841,0.716144966267499,0.5165665688208145
Sri Lanka,LKA,fairShare2C,7854566.316643699,3649535.7649823474,5246579.927154381,0.6956028147200586,0.6679655776840234
Suriname,SUR,fairShare2C,227079.79433219964,95588.95757694171,145214.7496563588,0.6582592870431325,0.6394877628078225
Sweden,SWE,fairShare2C,5191613.119221124,1726613.027323319,2529486.319388242,0.6825943331217152,0.4872255041546182
Switzerland,CHE,fairShare2C,3911631.8615535684,1432796.9395749464,2138379.1538247704,0.6700387707260436,0.5466718826079605
Syrian Arab Republic,SYR,fairShare2C,6650188.485679328,3351425.5057020574,5726014.678311238,0.5852980989371978,0.8610304340458578
Tajikistan,TJK,fairShare2C,2975282.681656878,1426390.1995974844,2531242.8764453377,0.563513763483884,0.8507571035353646
Tanzania,TZA,fairShare2C,18193320.152651478,8482439.78327126,16967535.07284165,0.4999217474345056,0.932624442953521
Thailand,THA,fairShare2C,23323235.097639784,11988524.325629864,16891342.941534795,0.7097437052296656,0.7242281300523412
Togo,TGO,fairShare2C,2573325.952638787,1195359.1585436473,2239793.846418741,0.5336915986508914,0.870388706149709
Tunisia,TUN,fairShare2C,3979910.752031318,1936676.4956654278,2935899.50683224,0.659653537581418,0.737679734484945
Turkey,TUR,fairShare2C,27765554.308751814,13206126.621315984,20298843.62278142,0.6505851696150184,0.731080078469139
Turkmenistan,TKM,fairShare2C,1917231.8065874276,946261.6581280865,1516395.2198892056,0.6240204702025006,0.7909295134156521
Uganda,UGA,fairShare2C,13071897.483032843,6248180.77974788,12368039.718150634,0.5051876386343104,0.9461548894645321
Ukraine,UKR,fairShare2C,24950426.87754975,8446496.2268592,10874599.16740511,0.7767179366184123,0.43584822098534964
United Arab Emirates,ARE,fairShare2C,1865321.6321024525,1219974.5049102395,2076788.5430190058,0.5874331833210016,1.1133675325891137
United Kingdom,GBR,fairShare2C,35861855.783960186,11528644.534585778,16792411.859440766,0.6865389338401872,0.4682527296022269
United States,USA,fairShare2C,130829695.7458237,55459966.31807673,82527941.3584814,0.6720144160287733,0.6308043513211017
Uruguay,URY,fairShare2C,1509229.231346053,613622.0183288611,871874.3439841428,0.7037963928664718,0.5776951081225312
Uzbekistan,UZB,fairShare2C,10449814.80912329,5234663.598980618,8348249.120435938,0.6270373012907008,0.7988896715324979
Vanuatu,VUT,fairShare2C,97704.43042048113,44669.76373123198,82514.6174270888,0.5413557636706354,0.8445330173051375
"Venezuela, RB",VEN,fairShare2C,9263144.706564872,4926989.399383874,7636211.9777564285,0.6452138067586041,0.8243649667207054
Vietnam,VNM,fairShare2C,32538854.458233,15959559.046552736,23983418.106255665,0.6654413885396077,0.7370701429283835
World,WLD,fairShare2C,2765568729.066357,1229566669.8199909,1901465476.034646,0.6466415958201638,0.6875495286195876
"Yemen, Rep.",YEM,fairShare2C,8742726.930729134,4250903.004641027,7685573.692720698,0.5531015867647227,0.8790819790684838
Zambia,ZMB,fairShare2C,5459559.031375324,2615471.670843283,5199070.514209442,0.5030652428535075,0.9522876269550542
Zimbabwe,ZWE,fairShare2C,5007751.502352704,2417780.6981734103,4039281.1598666636,0.5985670723285875,0.806605750698484
