startDate,country,iso3c,group15C,type,cumReparationsAR6,cumReparationsAR6lwr,cumReparationsAR6upr,share
1850,United States,USA,USA,Overshooters,-109890408996909.3,-80609211608425.83,-170999956464181.78,46.12890361295794
1850,Germany,DEU,EU and UK,Overshooters,-18845907260484.742,-13824261281582,-29326029000051.65,7.9109819269313615
1850,Russian Federation,RUS,Rest of global North,Overshooters,-17656046614337.258,-12951448726916.39,-27474492359621.215,7.411511886188016
1850,United Kingdom,GBR,EU and UK,Overshooters,-17106009994915.398,-12547973859072.313,-26618582923725.96,7.180621980212493
1850,Japan,JPN,Rest of global North,Overshooters,-10810381566671.95,-7929867066926.596,-16821984685798.086,4.537894197139013
1850,Canada,CAN,Rest of global North,Overshooters,-8233862225997.091,-6039882357237.301,-12812674873356.541,3.4563438288420385
1850,France,FRA,EU and UK,Overshooters,-6402920626287.643,-4696810107339.681,-9963555130362.584,2.687766030789366
1850,Australia,AUS,Rest of global North,Overshooters,-4496307734044.38,-3298229799111.758,-6996683639541.076,1.887423551984086
1850,Ukraine,UKR,Rest of global South overshoot,Overshooters,-4074414489893.9644,-2988753457142.345,-6340177516388.121,1.7103246315958653
1850,Poland,POL,EU and UK,Overshooters,-4008543944988.013,-2940434657152.844,-6237676666550.478,1.6826740291034763
1850,Kazakhstan,KAZ,Rest of global South overshoot,Overshooters,-3098004866882.6924,-2272516156396.358,-4820791024425.646,1.3004553281890654
1850,Saudi Arabia,SAU,Rest of global South overshoot,Overshooters,-2926479707530.166,-2146695277280.2773,-4553881518404.8,1.2284538895267296
1850,Belgium,BEL,EU and UK,Overshooters,-2600420368390.777,-1907517113275.7214,-4046502090968.6567,1.0915833476426908
1850,Czech Republic,CZE,EU and UK,Overshooters,-2452254830969.404,-1798831493956.4639,-3815942384440.861,1.0293876214017879
1850,Netherlands,NLD,EU and UK,Overshooters,-2305936836334.9854,-1691501124552.3599,-3588257630686.6396,0.9679674416705228
1850,"Hong Kong SAR, China",HKG,Rest of global South overshoot,Overshooters,-2290261085937.639,-1680002305934.4758,-3563864668098.203,0.9613872024509171
1850,South Africa,ZAF,Rest of global South overshoot,Overshooters,-2183524822894.4832,-1601706792317.9932,-3397772863543.6997,0.9165823206157467
1850,"Korea, Rep.",KOR,Rest of global South overshoot,Overshooters,-2088885587849.849,-1532284954745.3708,-3250505188228.2764,0.8768554309697106
1850,Italy,ITA,EU and UK,Overshooters,-1922961798887.294,-1410572915110.2234,-2992311948727.575,0.8072052900883009
1850,United Arab Emirates,ARE,Rest of global South overshoot,Overshooters,-1254352945215.1978,-920120353682.075,-1951892808302.7676,0.5265420943886845
1850,Austria,AUT,EU and UK,Overshooters,-1145975718245.278,-840621124385.3821,-1783247507382.2273,0.48104838204045136
1850,Sweden,SWE,EU and UK,Overshooters,-1131319217045.242,-829869967687.93,-1760440593748.9011,0.47489599497290763
1850,Norway,NOR,Rest of global North,Overshooters,-999625686493.1752,-733267254415.3749,-1555512900817.5627,0.41961475402805615
1850,Spain,ESP,EU and UK,Overshooters,-972270066290.4786,-713200762737.6443,-1512944946922.3018,0.40813163389845175
1850,Kuwait,KWT,Rest of global South overshoot,Overshooters,-968349040473.2349,-710324526287.9902,-1506843456808.9792,0.406485697518393
1850,Switzerland,CHE,Rest of global North,Overshooters,-904597665586.3014,-663560226150.2645,-1407640237622.6355,0.3797246630095887
1850,Denmark,DNK,EU and UK,Overshooters,-785977612160.9182,-576547455200.9961,-1223056121896.1216,0.32993130014042943
1850,Singapore,SGP,Rest of global South overshoot,Overshooters,-763145209021.5259,-559798932440.9805,-1187526725123.028,0.32034689934255045
1850,Slovak Republic,SVK,EU and UK,Overshooters,-647967390196.1493,-475311184556.1506,-1008299054714.2959,0.2719984897639132
1850,Qatar,QAT,Rest of global South overshoot,Overshooters,-643958498468.0197,-472370494785.5159,-1002060836864.0096,0.27031566974522647
1850,Finland,FIN,EU and UK,Overshooters,-560638936172.9023,-411252110665.5931,-872407651885.1417,0.23534046041377873
1850,Greece,GRC,EU and UK,Overshooters,-539125813993.0331,-395471335673.6302,-838931182102.6902,0.22630985666493944
1850,"Iran, Islamic Rep.",IRN,Rest of global South overshoot,Overshooters,-518890945330.3539,-380628213104.6307,-807443796697.8921,0.21781582779852723
1850,Israel,ISR,Rest of global North,Overshooters,-412135507813.927,-302318634209.95416,-641322154834.3414,0.1730028970586579
1850,"Venezuela, RB",VEN,Rest of global South overshoot,Overshooters,-337605107410.3442,-247647467979.58655,-525345743966.4089,0.14171713074079179
1850,New Zealand,NZL,Rest of global North,Overshooters,-335718426471.1933,-246263508592.68613,-522409888495.4762,0.1409251551354144
1850,Luxembourg,LUX,EU and UK,Overshooters,-217963747228.04483,-159885525803.8494,-339172377525.81177,0.09149505201390588
1850,Bulgaria,BGR,EU and UK,Overshooters,-210002710005.068,-154045771998.33264,-326784244376.0202,0.08815323244957796
1850,Ireland,IRL,EU and UK,Overshooters,-195577666385.2111,-143464399117.58813,-304337500811.17615,0.08209800476567874
1850,Hungary,HUN,EU and UK,Overshooters,-189235592630.4407,-138812222735.67194,-294468629215.75903,0.07943578054055732
1850,Bahrain,BHR,Rest of global South overshoot,Overshooters,-184691292449.88675,-135478788469.56795,-287397264752.4895,0.07752821110906111
1850,Turkmenistan,TKM,Rest of global South overshoot,Overshooters,-165515728127.93588,-121412709944.1655,-257558257925.95258,0.06947884841757977
1850,Lithuania,LTU,EU and UK,Overshooters,-122267533262.82535,-89688349980.57503,-190259942207.64133,0.05132447233892475
1850,Romania,ROU,EU and UK,Overshooters,-115032340662.54305,-84381033567.18108,-179001292513.35327,0.048287341936680134
1850,Libya,LBY,Rest of global South overshoot,Overshooters,-114106457809.2505,-83701859765.50952,-177560530493.72687,0.04789868235040428
1850,Oman,OMN,Rest of global South overshoot,Overshooters,-90503624232.95001,-66388194053.66404,-140832270486.1385,0.03799087651937426
1850,Slovenia,SVN,EU and UK,Overshooters,-73123995484.89671,-53639509393.9581,-113787910687.96593,0.03069539708066827
1850,Brunei Darussalam,BRN,Rest of global South overshoot,Overshooters,-50815205360.28208,-37275078682.50631,-79073305701.96608,0.021330794302558676
1850,Iceland,ISL,Rest of global North,Overshooters,-49232458569.691605,-36114067706.84552,-76610400751.88615,0.02066640170621371
1850,Cyprus,CYP,EU and UK,Overshooters,-42985358139.645065,-31531558231.25632,-66889316707.18691,0.018044044612191164
1850,"Bahamas, The",BHS,Rest of global South overshoot,Overshooters,-41850473656.159515,-30699072991.502785,-65123328218.843376,0.01756765201862079
1850,Latvia,LVA,EU and UK,Overshooters,-19132077671.896652,-14034179248.583303,-29771337451.803333,0.008031108218619583
1850,Azerbaijan,AZE,Rest of global South overshoot,Overshooters,-13178980603.011883,-9667333536.281616,-20507750675.68191,0.00553216546833014
1850,Andorra,AND,Rest of global North,Overshooters,-5639482773.558153,-4136796508.4979067,-8775573023.721024,0.002367296287847262
1850,San Marino,SMR,Rest of global South overshoot,Overshooters,-4802088292.696957,-3522532629.3875237,-7472507350.586272,0.0020157816320527286
1850,Seychelles,SYC,Rest of global South overshoot,Overshooters,-2008903518.260664,-1473614761.1293314,-3126045460.190951,8.432812072269618e-4
1850,Antigua and Barbuda,ATG,Rest of global South overshoot,Overshooters,-1775059500.145511,-1302080392.3734639,-2762161866.689855,7.451200640429004e-4
1990,United States,USA,USA,Overshooters,-139729599494489.88,-102497505982789.77,-217432582592238.28,45.55221375731897
1990,Japan,JPN,Rest of global North,Overshooters,-23620217264252.12,-17326417374100.803,-36755310683894.42,7.700252414005937
1990,Russian Federation,RUS,Rest of global North,Overshooters,-19977441867485.082,-14654289246811.547,-31086804761112.06,6.512698136717836
1990,Germany,DEU,EU and UK,Overshooters,-14340631526207.816,-10519453079176.92,-22315390296885.504,4.675083268398876
1990,Canada,CAN,Rest of global North,Overshooters,-11170636514583.916,-8194129140334.975,-17382575741662.523,3.6416566293650967
1990,United Kingdom,GBR,EU and UK,Overshooters,-10632614608109.809,-7799467567001.858,-16545362344937.104,3.466260085050267
1990,Australia,AUS,Rest of global North,Overshooters,-7753984241407.438,-5687871782710.272,-12065938964172.166,2.527819079946643
1990,"Korea, Rep.",KOR,Rest of global South overshoot,Overshooters,-7679105362125.256,-5632944992645.919,-11949420286935.285,2.5034083700662006
1990,Saudi Arabia,SAU,Rest of global South overshoot,Overshooters,-7388677485040.943,-5419903996488.25,-11497486812569.938,2.408728124893447
1990,France,FRA,EU and UK,Overshooters,-6136955005859.051,-4501713199671.446,-9549687260278.15,2.0006633330181702
1990,"Hong Kong SAR, China",HKG,Rest of global South overshoot,Overshooters,-6014202471570.745,-4411669081151.559,-9358672610221.123,1.9606456867829927
1990,Italy,ITA,EU and UK,Overshooters,-5806680860945.482,-4259443299330.2935,-9035749193098.389,1.892993100640442
1990,Spain,ESP,EU and UK,Overshooters,-4118838567124.2456,-3021340376006.807,-6409305617208.578,1.3427521120815331
1990,Poland,POL,EU and UK,Overshooters,-3218623284235.359,-2360994810875.9126,-5008484785003.647,1.0492795826953953
1990,Netherlands,NLD,EU and UK,Overshooters,-3052176064379.3916,-2238898812785.841,-4749477037114.065,0.995017355038402
1990,United Arab Emirates,ARE,Rest of global South overshoot,Overshooters,-3042599260333.9116,-2231873826430.0596,-4734574616695.473,0.9918952919496229
1990,Kazakhstan,KAZ,Rest of global South overshoot,Overshooters,-2985115346350.2026,-2189706971026.658,-4645124164391.838,0.9731553861110142
1990,"Iran, Islamic Rep.",IRN,Rest of global South overshoot,Overshooters,-2553177992825.6606,-1872862854695.9731,-3972988449162.786,0.8323426826558921
1990,South Africa,ZAF,Rest of global South overshoot,Overshooters,-2448318744906.6846,-1795944210186.798,-3809817459149.308,0.7981582944309387
1990,Singapore,SGP,Rest of global South overshoot,Overshooters,-2038852940131.28,-1495583914826.688,-3172649616848.0327,0.6646713744589293
1990,Kuwait,KWT,Rest of global South overshoot,Overshooters,-1946708168710.7944,-1427991870663.372,-3029263564824.6196,0.6346319387234054
1990,Greece,GRC,EU and UK,Overshooters,-1808087680231.9258,-1326307944003.5781,-2813556864746.755,0.5894412980490048
1990,Belgium,BEL,EU and UK,Overshooters,-1658415212806.1943,-1216516928492.7036,-2580652231418.7764,0.5406476834216963
1990,Qatar,QAT,Rest of global South overshoot,Overshooters,-1635751436967.467,-1199892100911.2422,-2545385234807.222,0.5332592334061763
1990,Austria,AUT,EU and UK,Overshooters,-1557938089030.5625,-1142812755342.673,-2424300244488.2114,0.5078918790931464
1990,Switzerland,CHE,Rest of global North,Overshooters,-1523546778029.7065,-1117585290168.3723,-2370784084728.9194,0.4966802220371393
1990,Norway,NOR,Rest of global North,Overshooters,-1149485436607.36,-843195649612.0831,-1788708963869.6123,0.3747352494295843
1990,Sweden,SWE,EU and UK,Overshooters,-1146619686033.526,-841093501694.6096,-1784249582674.8745,0.37380100727053767
1990,Finland,FIN,EU and UK,Overshooters,-1066175569967.0396,-782084377660.5135,-1659070866254.2666,0.34757601568796564
1990,Israel,ISR,Rest of global North,Overshooters,-1042638828109.5826,-764819192988.9924,-1622445451264.2559,0.33990297647422346
1990,Denmark,DNK,EU and UK,Overshooters,-999522270261.6813,-733191394283.7736,-1555351975298.7249,0.32584686619642317
1990,Czech Republic,CZE,EU and UK,Overshooters,-983956798321.7395,-721773469527.2366,-1531130616507.082,0.3207724817595756
1990,Ukraine,UKR,Rest of global South overshoot,Overshooters,-935613309341.0686,-686311498198.6731,-1455903537215.259,0.30501237830412303
1990,Ireland,IRL,EU and UK,Overshooters,-765048555625.796,-561195116790.3544,-1190488513958.263,0.24940782387319915
1990,Slovak Republic,SVK,EU and UK,Overshooters,-638130801220.7965,-468095635087.756,-992992384169.5656,0.20803230501984818
1990,Portugal,PRT,EU and UK,Overshooters,-534686593853.8341,-392214982013.2562,-832023332205.0773,0.17430922370433835
1990,New Zealand,NZL,Rest of global North,Overshooters,-534550153556.1944,-392114897347.7722,-831811018089.8663,0.17426474381156204
1990,Turkmenistan,TKM,Rest of global South overshoot,Overshooters,-403326577660.30396,-295856915473.2697,-627614619422.3298,0.1314855159254541
1990,Oman,OMN,Rest of global South overshoot,Overshooters,-390903851770.54645,-286744326402.56116,-608283673203.2223,0.12743567489516383
1990,Bahrain,BHR,Rest of global South overshoot,Overshooters,-370917861516.1411,-272083766556.37286,-577183566336.8169,0.12092018996202147
1990,"Venezuela, RB",VEN,Rest of global South overshoot,Overshooters,-366772351482.74713,-269042861544.21567,-570732757374.4794,0.11956874288239451
1990,Luxembourg,LUX,EU and UK,Overshooters,-309940197536.6463,-227354099390.88962,-482296505846.62994,0.10104131251540394
1990,Slovenia,SVN,EU and UK,Overshooters,-162452715916.37628,-119165862364.15746,-252791918810.40082,0.05296000895766972
1990,Libya,LBY,Rest of global South overshoot,Overshooters,-151797427197.15045,-111349762388.21593,-236211273386.17505,0.04948635705327658
1990,Cyprus,CYP,EU and UK,Overshooters,-147775871180.65482,-108399782832.32991,-229953348695.41913,0.048175319306348344
1990,Lithuania,LTU,EU and UK,Overshooters,-130398638538.86864,-95652855816.7977,-202912717467.11087,0.04251029615682934
1990,Malaysia,MYS,Rest of global South overshoot,Overshooters,-115749699522.89719,-84907246297.67598,-180117571313.38214,0.03773470384290607
1990,Iceland,ISL,Rest of global North,Overshooters,-87923016640.95442,-64495210440.623405,-136816598964.7522,0.028663132669860727
1990,Hungary,HUN,EU and UK,Overshooters,-74526778191.01164,-54668509185.93303,-115970774359.72739,0.024295924006675004
1990,Brunei Darussalam,BRN,Rest of global South overshoot,Overshooters,-66927737704.27,-49094295128.41704,-104145942654.54259,0.021818616994739946
1990,Bulgaria,BGR,EU and UK,Overshooters,-65292076288.06923,-47894469061.503654,-101600697500.63348,0.021285387108338428
1990,Serbia,SRB,Rest of global South overshoot,Overshooters,-52975012192.10263,-38859387336.27101,-82434171109.45349,0.01726999209831985
1990,"Bahamas, The",BHS,Rest of global South overshoot,Overshooters,-50466516993.51638,-37019301180.18758,-78530713349.45078,0.016452216123089097
1990,Croatia,HRV,EU and UK,Overshooters,-39691017268.65112,-29115021403.299793,-61763008136.12697,0.012939375117426941
1990,Latvia,LVA,EU and UK,Overshooters,-36528364128.83652,-26795083034.533337,-56841618233.621315,0.011908341947745722
1990,Malta,MLT,EU and UK,Overshooters,-29624127895.11385,-21730536959.594585,-46097968208.45663,0.009657542933883495
1990,Barbados,BRB,Rest of global South overshoot,Overshooters,-12296217072.98084,-9019789561.861841,-19134086435.268345,0.004008598826170014
1990,Andorra,AND,Rest of global North,Overshooters,-12186115232.37854,-8939025256.326881,-18962757471.062294,0.003972705339061092
1990,San Marino,SMR,Rest of global South overshoot,Overshooters,-9264895433.272964,-6796188341.892909,-14417060871.79485,0.0030203800679490327
1990,Antigua and Barbuda,ATG,Rest of global South overshoot,Overshooters,-9130790500.087013,-6697816763.921766,-14208380806.39374,0.0029766615100736958
1990,Seychelles,SYC,Rest of global South overshoot,Overshooters,-7522172371.871974,-5517828079.94041,-11705217587.663687,0.002452247806066483
1990,Botswana,BWA,Rest of global South overshoot,Overshooters,-6298612398.715034,-4620295659.303212,-9801241580.557943,0.0020533640645844765
1992,United States,USA,USA,Overshooters,-47736267190817.99,-35016548746207.945,-74282184277082.9,43.71014549550099
1992,Japan,JPN,Rest of global North,Overshooters,-8753561173586.21,-6421103273796.687,-13621375998626.9,8.01527758699193
1992,Russian Federation,RUS,Rest of global North,Overshooters,-7008037961786.864,-5140688984399.42,-10905175413430.225,6.416973445435607
1992,Germany,DEU,EU and UK,Overshooters,-5076028849267.181,-3723479486299.488,-7898784981863.443,4.6479117995113395
1992,Canada,CAN,Rest of global North,Overshooters,-3772082908641.876,-2766980596057.2163,-5869720743101.307,3.4539418865483285
1992,United Kingdom,GBR,EU and UK,Overshooters,-3690254505775.759,-2706956039752.2173,-5742387944403.351,3.3790149681815227
1992,"Korea, Rep.",KOR,Rest of global South overshoot,Overshooters,-2905117445793.9766,-2131025164734.0994,-4520639801860.023,2.660097106662709
1992,Australia,AUS,Rest of global North,Overshooters,-2608586910793.2383,-1913507613726.4722,-4059210009776.4126,2.3885762360229927
1992,Saudi Arabia,SAU,Rest of global South overshoot,Overshooters,-2485983540765.6084,-1823572913431.187,-3868427473534.5435,2.2763133495948464
1992,France,FRA,EU and UK,Overshooters,-2245171351116.3184,-1646927099383.1753,-3493700740583.435,2.0558114866279555
1992,Italy,ITA,EU and UK,Overshooters,-2228248284478.4834,-1634513322128.8647,-3467366834970.329,2.0403157273551793
1992,"Hong Kong SAR, China",HKG,Rest of global South overshoot,Overshooters,-2096097810572.446,-1537575421792.675,-3261728094602.2876,1.9193109487736788
1992,China,CHN,China overshoot,Overshooters,-2009591608211.5413,-1474119503890.4348,-3127116193776.507,1.8401007609233453
1992,Spain,ESP,EU and UK,Overshooters,-1606954424691.0552,-1178768287855.4094,-2500574337382.1025,1.471422376347762
1992,Poland,POL,EU and UK,Overshooters,-1305848699686.7683,-957894643604.4204,-2032025113324.7322,1.1957121915347095
1992,Netherlands,NLD,EU and UK,Overshooters,-1095701206441.8313,-803742667043.5013,-1705015572419.7395,1.0032887356215534
1992,United Arab Emirates,ARE,Rest of global South overshoot,Overshooters,-1032893217241.7286,-757670379767.974,-1607280351331.2239,0.9457780313337155
1992,Kazakhstan,KAZ,Rest of global South overshoot,Overshooters,-938429557741.6937,-688377334201.47,-1460285888307.5437,0.8592815257674361
1992,"Iran, Islamic Rep.",IRN,Rest of global South overshoot,Overshooters,-912139386161.8085,-669092393655.2537,-1419375874079.435,0.8352086919979891
1992,South Africa,ZAF,Rest of global South overshoot,Overshooters,-753887803023.9677,-553008237913.4602,-1173121318527.4602,0.6903041962987756
1992,Singapore,SGP,Rest of global South overshoot,Overshooters,-709036989325.6731,-520108289999.7383,-1103329175065.63,0.6492361424329895
1992,Greece,GRC,EU and UK,Overshooters,-678450359000.3469,-497671717247.0401,-1055733461283.5117,0.6212292172917151
1992,Belgium,BEL,EU and UK,Overshooters,-586428453380.8243,-430169800288.0877,-912538600163.9033,0.5369685257859438
1992,Austria,AUT,EU and UK,Overshooters,-553832330225.393,-406259180489.3719,-861815923896.1624,0.5071215903308139
1992,Qatar,QAT,Rest of global South overshoot,Overshooters,-552574314293.2944,-405336373181.59174,-859858331130.9363,0.5059696766462379
1992,Switzerland,CHE,Rest of global North,Overshooters,-512324026329.0226,-375811103329.3035,-797225044455.7101,0.46911413584491307
1992,Kuwait,KWT,Rest of global South overshoot,Overshooters,-469128343285.49146,-344125262983.36017,-730008442139.7413,0.4295616173569685
1992,Ukraine,UKR,Rest of global South overshoot,Overshooters,-434879455082.3252,-319002270888.5723,-676713905836.2794,0.39820131261350306
1992,Sweden,SWE,EU and UK,Overshooters,-403984002604.70135,-296339164169.43286,-628637635333.3325,0.36991161167086145
1992,Norway,NOR,Rest of global North,Overshooters,-393575809804.3092,-288704319385.73834,-612441494723.9375,0.36038125564549806
1992,Finland,FIN,EU and UK,Overshooters,-374987979408.49005,-275069368279.49347,-583517057937.6656,0.3433611403566506
1992,Czech Republic,CZE,EU and UK,Overshooters,-370681090199.5152,-271910084891.71332,-576815127587.6615,0.33941749823639905
1992,Denmark,DNK,EU and UK,Overshooters,-349007345219.27386,-256011486356.9816,-543088713409.5025,0.31957173730306493
1992,Israel,ISR,Rest of global North,Overshooters,-325098665873.8955,-238473469980.2857,-505884528217.2282,0.29767953847205153
1992,Ireland,IRL,EU and UK,Overshooters,-266488013848.05826,-195480105092.6238,-414680764064.9139,0.24401216399145328
1992,Portugal,PRT,EU and UK,Overshooters,-245214663052.63663,-179875212440.55762,-381577401423.2598,0.2245330276206151
1992,Slovak Republic,SVK,EU and UK,Overshooters,-215896327650.16495,-158368987065.31937,-335955275496.27435,0.19768742821491986
1992,New Zealand,NZL,Rest of global North,Overshooters,-186089867981.64288,-136504702123.16866,-289573581659.71747,0.17039487340310408
1992,Turkmenistan,TKM,Rest of global South overshoot,Overshooters,-129968483230.44012,-95337318905.08617,-202243354784.0019,0.119006819052765
1992,"Venezuela, RB",VEN,Rest of global South overshoot,Overshooters,-119853321625.0775,-87917424760.15645,-186503198659.9691,0.10974477969569625
1992,Bahrain,BHR,Rest of global South overshoot,Overshooters,-115171663434.28949,-84483232647.99345,-179218092033.17105,0.10545797696222008
1992,Oman,OMN,Rest of global South overshoot,Overshooters,-108990002704.26526,-79948725929.64978,-169598838402.58154,0.09979768331518858
1992,Luxembourg,LUX,EU and UK,Overshooters,-102424202542.36919,-75132436869.84836,-159381827181.26263,0.0937856489174495
1992,Hungary,HUN,EU and UK,Overshooters,-83382027181.94225,-61164204727.254555,-129750386299.93964,0.0763495085458537
1992,Serbia,SRB,Rest of global South overshoot,Overshooters,-82127196270.70103,-60243733765.49955,-127797749730.91759,0.07520051125447866
1992,Bulgaria,BGR,EU and UK,Overshooters,-80654847882.76466,-59163704636.043625,-125506635223.87895,0.07385234211507967
1992,Romania,ROU,EU and UK,Overshooters,-80288635606.92598,-58895072613.41175,-124936773997.62012,0.07351701652719571
1992,Slovenia,SVN,EU and UK,Overshooters,-64373324260.44696,-47220526018.73678,-100171031725.80498,0.05894401751619206
1992,Lithuania,LTU,EU and UK,Overshooters,-60176901755.224625,-44142274578.87416,-93640998101.86504,0.055101525233947915
1992,Cyprus,CYP,EU and UK,Overshooters,-51560028833.48194,-37821437855.34166,-80232322058.83722,0.04721140748301362
1992,Libya,LBY,Rest of global South overshoot,Overshooters,-45283901572.35953,-33217635984.99412,-70466069496.74344,0.041464614701011
1992,Croatia,HRV,EU and UK,Overshooters,-44250124947.46164,-32459317588.758274,-68857414478.85013,0.04051802776945416
1992,Iceland,ISL,Rest of global North,Overshooters,-30554231440.000843,-22412806815.09809,-47545298026.724304,0.027977258808425116
1992,Latvia,LVA,EU and UK,Overshooters,-26360441323.570732,-19336486342.524845,-41019360650.79157,0.02413717689682534
1992,Brunei Darussalam,BRN,Rest of global South overshoot,Overshooters,-22622104850.674515,-16594260168.667734,-35202152580.051796,0.02071413523987605
1992,Malaysia,MYS,Rest of global South overshoot,Overshooters,-16724207279.54897,-12267905596.913876,-26024461486.72774,0.015313671899896953
1992,"Bahamas, The",BHS,Rest of global South overshoot,Overshooters,-16512976405.84791,-12112958915.471638,-25695766102.512836,0.01512025643685482
1992,Malta,MLT,EU and UK,Overshooters,-11417804238.14968,-8375437004.356538,-17767192291.504333,0.010454815884403014
1992,Bosnia and Herzegovina,BIH,Rest of global South overshoot,Overshooters,-10380898969.315601,-7614823616.92535,-16153668805.272747,0.009505364181683641
1992,Barbados,BRB,Rest of global South overshoot,Overshooters,-5180149393.084622,-3799856260.4509115,-8060806477.845958,0.004743250718684444
1992,Andorra,AND,Rest of global North,Overshooters,-4360364565.199469,-3198509798.3931546,-6785143104.145157,0.003992607314611224
1992,San Marino,SMR,Rest of global South overshoot,Overshooters,-3178257624.9767323,-2331384911.353346,-4945671969.591638,0.002910200386104758
1992,Antigua and Barbuda,ATG,Rest of global South overshoot,Overshooters,-3054622378.9099655,-2240693286.82098,-4753283735.824574,0.002796992653033624
1992,Seychelles,SYC,Rest of global South overshoot,Overshooters,-2795819386.435953,-2050850466.363207,-4350561597.925344,0.0025600173484818254
1992,Montenegro,MNE,Rest of global South overshoot,Overshooters,-746274374.4977522,-547423469.6271524,-1161274097.6606908,6.833328914987955e-4
1850,India,IND,India,Undershooters,68896253486415.51,50538283795726.09,107209140945627.34,0.28920709872489087
1850,China,CHN,China,Undershooters,37772594975477.3,27707778405513.516,58777760091214.64,0.15855873217143976
1850,Indonesia,IDN,Rest of global South,Undershooters,12059335281716.082,8846026859433.635,18765475777039.1,0.05062169846526549
1850,Nigeria,NGA,Sub-Sah. Africa,Undershooters,10324439113913.592,7573407951327.002,16065811885784.994,0.043339092200209005
1850,Pakistan,PAK,Rest of global South,Undershooters,10122291713327.5,7425124377367.46,15751251252012.654,0.042490534255765634
1850,Bangladesh,BGD,Rest of global South,Undershooters,9386918496633.3,6885697362974.068,14606940395519.527,0.03940364427673283
1850,Brazil,BRA,Rest of global South,Undershooters,6786776591862.657,4978384514411.578,10560871620500.41,0.028488979712280146
1850,"Congo, Dem. Rep.",COD,Sub-Sah. Africa,Undershooters,5033379412837.921,3692194340694.0776,7832418391373.909,0.02112871140453918
1850,Vietnam,VNM,Rest of global South,Undershooters,4774735177933.792,3502467975554.4897,7429943295393.863,0.020042995636361874
1850,Philippines,PHL,Rest of global South,Undershooters,4597327473787.33,3372332003770.916,7153879988665.169,0.01929828798084678
1850,"Egypt, Arab Rep.",EGY,Rest of global South,Undershooters,3668467984501.8506,2690974715088.758,5708486039556.959,0.015399197037210715
1850,Myanmar,MMR,Rest of global South,Undershooters,3364477756553.371,2467985167272.244,5235448253828.19,0.014123131541384695
1850,Tanzania,TZA,Sub-Sah. Africa,Undershooters,3205557897992.97,2351410803554.69,4988153797986.4,0.013456030662915508
1850,Kenya,KEN,Sub-Sah. Africa,Undershooters,2530176497394.9985,1855990295667.3445,3937195928658.427,0.010620969458343541
1850,Uganda,UGA,Sub-Sah. Africa,Undershooters,2330070897290.4556,1709204467767.5522,3625812531158.4854,0.009780982418173805
1850,Thailand,THA,Rest of global South,Undershooters,2155311082729.2563,1581010833753.4211,3353869593149.2725,0.009047389858559372
1850,Afghanistan,AFG,Rest of global South,Undershooters,2088843475959.759,1532254063912.4905,3250439658111.156,0.00876837753582424
1850,Nepal,NPL,Rest of global South,Undershooters,1815762977918.293,1331938095906.7844,2825500359927.079,0.00762206239442845
1850,Mozambique,MOZ,Sub-Sah. Africa,Undershooters,1802369161578.7615,1322113171371.395,2804658304356.8467,0.0075658389197343755
1850,Colombia,COL,Rest of global South,Undershooters,1755078687271.0159,1287423630352.0044,2731069816320.3486,0.007367326806523985
1850,Morocco,MAR,Rest of global South,Undershooters,1695039564850.28,1243382422678.1536,2637643216002.733,0.007115299453415253
1850,Angola,AGO,Sub-Sah. Africa,Undershooters,1588808768376.2512,1165457689933.302,2472337965635.295,0.006669372441585126
1850,Madagascar,MDG,Sub-Sah. Africa,Undershooters,1530614513338.5833,1122769769653.9443,2381782154907.6577,0.006425089322979572
1850,Ghana,GHA,Sub-Sah. Africa,Undershooters,1509017862105.5034,1106927722607.5122,2348175705952.3843,0.00633443265401391
1850,Turkey,TUR,Rest of global South,Undershooters,1468300330064.5237,1077059709680.5924,2284815342933.5127,0.006163511904148587
1850,Mexico,MEX,Rest of global South,Undershooters,1401098939882.8352,1027764679013.3713,2180243570926.327,0.005881419364986678
1850,Niger,NER,Sub-Sah. Africa,Undershooters,1363252131147.38,1000002461710.6243,2121350327146.9438,0.005722549104319527
1850,Algeria,DZA,Rest of global South,Undershooters,1358569905226.3582,996567853144.5873,2114064337077.7585,0.005702894436530368
1850,"Yemen, Rep.",YEM,Rest of global South,Undershooters,1343275418732.7385,985348707547.9858,2090264657484.0234,0.005638692482991938
1850,Cameroon,CMR,Sub-Sah. Africa,Undershooters,1336279707731.5115,980217060904.7819,2079378663996.826,0.005609326455380849
1850,Cote d'Ivoire,CIV,Sub-Sah. Africa,Undershooters,1287623416082.6794,944525635734.8901,2003664833921.8752,0.005405081025036143
1850,Burkina Faso,BFA,Sub-Sah. Africa,Undershooters,1244805602961.8943,913116978783.2133,1937036233242.5234,0.0052253438857902705
1850,Mali,MLI,Sub-Sah. Africa,Undershooters,1220901901665.5493,895582614013.7102,1899839794369.293,0.005125002869394285
1850,Peru,PER,Rest of global South,Undershooters,1205846736233.8225,884539020426.575,1876412521171.5132,0.005061805518377346
1850,Sri Lanka,LKA,Rest of global South,Undershooters,1189575004381.5947,872603024482.2094,1851092154601.524,0.0049935013636218184
1850,Malawi,MWI,Sub-Sah. Africa,Undershooters,1020590575164.8888,748645877197.0299,1588136266977.2087,0.004284152247663266
1850,Cambodia,KHM,Rest of global South,Undershooters,954911933185.0503,700467846030.9457,1485934036394.0574,0.0040084517772606895
1850,Somalia,SOM,Sub-Sah. Africa,Undershooters,928255595276.7657,680914307166.4662,1444454232438.2874,0.003896555966400592
1850,Chad,TCD,Sub-Sah. Africa,Undershooters,909002952265.972,666791688198.6707,1414495283821.045,0.0038157387848243023
1850,Zambia,ZMB,Sub-Sah. Africa,Undershooters,888754108408.7856,651938314239.9313,1382986151680.8025,0.0037307398322234202
1850,Senegal,SEN,Sub-Sah. Africa,Undershooters,871234767442.4181,639087144824.0653,1355724386346.8118,0.003657198565230516
1850,Guinea,GIN,Sub-Sah. Africa,Undershooters,790330742539.9119,579740658421.2084,1229830007916.6184,0.0033175862186486573
1850,Guatemala,GTM,Rest of global South,Undershooters,787991906511.622,578025024363.2158,1226190556005.7087,0.0033077684426752753
1850,Rwanda,RWA,Sub-Sah. Africa,Undershooters,745967225849.4536,547198163245.89545,1160796145071.684,0.0031313606504643075
1850,Burundi,BDI,Sub-Sah. Africa,Undershooters,724831611284.1093,531694305879.9638,1127907113139.7048,0.0030426392837877288
1850,Syrian Arab Republic,SYR,Rest of global South,Undershooters,676824786136.1206,496479291554.9943,1053203914878.6034,0.0028411201311856144
1850,Zimbabwe,ZWE,Sub-Sah. Africa,Undershooters,672243204386.7836,493118509698.7361,1046074536738.8263,0.0028218879393283615
1850,Haiti,HTI,Rest of global South,Undershooters,667183280102.9735,489406843584.8377,1038200811996.6797,0.002800647800019816
1850,Benin,BEN,Sub-Sah. Africa,Undershooters,653525086203.9446,479387987050.9004,1016947359730.6227,0.002743314542673116
1850,Iraq,IRQ,Rest of global South,Undershooters,608546649325.9878,446394422196.5425,946956622430.0282,0.0025545077124552815
1850,Ecuador,ECU,Rest of global South,Undershooters,599494662960.1309,439754411561.37897,932870868371.9153,0.00251651001908168
1850,Bolivia,BOL,Rest of global South,Undershooters,573110766560.4235,420400719939.4048,891815009385.7836,0.0024057578410648884
1850,Sierra Leone,SLE,Sub-Sah. Africa,Undershooters,486598513442.3847,356940363553.7095,757193693004.8519,0.0020426037294504645
1850,Tunisia,TUN,Rest of global South,Undershooters,459220266924.5162,336857274527.36334,714590530405.3495,0.0019276775492457772
1850,Papua New Guinea,PNG,Rest of global South,Undershooters,457585667376.022,335658227384.82965,712046937618.8604,0.0019208159599854813
1850,Togo,TGO,Sub-Sah. Africa,Undershooters,441630595926.7249,323954515091.6111,687219324835.2056,0.0018538410565575412
1850,Argentina,ARG,Rest of global South,Undershooters,434189757842.4974,318496349113.79224,675640671155.832,0.0018226065106203603
1850,Tajikistan,TJK,Rest of global South,Undershooters,420993828167.82513,308816582724.48456,655106546108.2418,0.0017672137085002545
1850,Honduras,HND,Rest of global South,Undershooters,419232993288.93555,307524936686.8044,652366519108.8047,0.0017598222188199388
1850,Lao PDR,LAO,Rest of global South,Undershooters,402200787510.36084,295031101307.5767,625862782584.2898,0.0016883258083644972
1850,Uzbekistan,UZB,Rest of global South,Undershooters,386778844434.9586,283718460976.8527,601864768393.9791,0.001623588827936136
1850,Dominican Republic,DOM,Rest of global South,Undershooters,385498503145.7644,282779277085.7948,599872435243.98,0.0016182143152320663
1850,El Salvador,SLV,Rest of global South,Undershooters,317968384655.28467,233243110453.6891,494789130638.04443,0.0013347418670672242
1850,Nicaragua,NIC,Rest of global South,Undershooters,312432453288.40546,229182273233.44507,486174693478.64075,0.001311503583875658
1850,Paraguay,PRY,Rest of global South,Undershooters,307834795791.47784,225809699143.89618,479020299942.49554,0.0012922039105504697
1850,Central African Republic,CAF,Sub-Sah. Africa,Undershooters,306032840327.624,224487889437.1106,476216285391.2523,0.001284639808217454
1850,Cuba,CUB,Rest of global South,Undershooters,280929796259.76495,206073756577.35754,437153554786.22687,0.0011792642881180908
1850,Liberia,LBR,Sub-Sah. Africa,Undershooters,277005027032.84033,203194774180.1194,431046239570.4381,0.0011627892105362974
1850,"Congo, Rep.",COG,Sub-Sah. Africa,Undershooters,269549192972.93054,197725608026.87048,419444250722.7618,0.0011314917157100237
1850,Chile,CHL,Rest of global South,Undershooters,269391309407.78867,197609793827.72253,419198568838.3088,0.001130828964899923
1850,Mauritania,MRT,Sub-Sah. Africa,Undershooters,233623920111.64783,171372917663.81042,363541100017.26227,9.806875223127697e-4
1850,Malaysia,MYS,Rest of global South,Undershooters,231229122947.7534,169616233772.05194,359814567242.43195,9.706348372282163e-4
1850,Eritrea,ERI,Sub-Sah. Africa,Undershooters,223118084304.78458,163666447650.5572,347193017577.74756,9.36586977803741e-4
1850,Kyrgyz Republic,KGZ,Rest of global South,Undershooters,212665948477.6592,155999368818.65973,330928497427.98254,8.927118507093854e-4
1850,"Korea, Dem. People’s Rep.",PRK,Rest of global South,Undershooters,189329230084.93845,138880909725.3099,294614338025.0054,7.947508691089953e-4
1850,Costa Rica,CRI,Rest of global South,Undershooters,163800999454.50897,120154884736.77007,254889976579.28714,6.875905353810935e-4
1850,Jordan,JOR,Rest of global South,Undershooters,146744923756.73413,107643539773.35356,228349096184.06253,6.159939257169964e-4
1850,Georgia,GEO,Rest of global South,Undershooters,146044293411.89993,107129598108.73012,227258848549.5533,6.13052876544445e-4
1850,Uruguay,URY,Rest of global South,Undershooters,145394367957.9298,106652850602.49185,226247502560.86942,6.103246722456841e-4
1850,Albania,ALB,Rest of global South,Undershooters,135458725391.89822,99364641182.01868,210786695182.46704,5.6861763862511e-4
1850,Lesotho,LSO,Sub-Sah. Africa,Undershooters,123374354468.16324,90500249631.94756,191982261558.83908,5.178908475745934e-4
1850,"Gambia, The",GMB,Sub-Sah. Africa,Undershooters,122169087071.66699,89616135581.4517,190106750545.5499,5.128314739615259e-4
1850,Croatia,HRV,Global North undershoot,Undershooters,101434882589.09277,74406729301.82631,157842350984.17096,4.257951139371559e-4
1850,Armenia,ARM,Rest of global South,Undershooters,99892161327.07436,73275078725.60216,155441729573.71707,4.193192038875983e-4
1850,Portugal,PRT,Global North undershoot,Undershooters,99865147522.9511,73255262970.31653,155399693518.2398,4.192058075340861e-4
1850,Panama,PAN,Rest of global South,Undershooters,99518299873.11954,73000835710.8644,154859965496.82013,4.1774983863256793e-4
1850,Jamaica,JAM,Rest of global South,Undershooters,83962701002.15796,61590153263.40532,130653970142.08888,3.5245180875804035e-4
1850,Namibia,NAM,Sub-Sah. Africa,Undershooters,78034497940.44197,57241568346.654106,121429120815.22202,3.275668792971235e-4
1850,Bosnia and Herzegovina,BIH,Rest of global South,Undershooters,73381919311.13463,53828707309.20703,114189264759.35718,3.080366625018559e-4
1850,Serbia,SRB,Rest of global South,Undershooters,71830586524.43358,52690739819.41644,111775242995.23035,3.015246036932144e-4
1850,Mongolia,MNG,Rest of global South,Undershooters,69922216903.79376,51290870877.4274,108805637867.48753,2.9351380465333937e-4
1850,Lebanon,LBN,Rest of global South,Undershooters,58874085401.92806,43186604288.187065,91613691608.71327,2.471368553085444e-4
1850,Gabon,GAB,Sub-Sah. Africa,Undershooters,51403244910.39477,37706430289.637825,79988351322.29237,2.1577636770207678e-4
1850,Mauritius,MUS,Sub-Sah. Africa,Undershooters,39362822302.059715,28874276667.227955,61252305468.704254,1.6523405932148023e-4
1850,Fiji,FJI,Rest of global South,Undershooters,38255070155.247284,28061694131.343475,59528537483.78978,1.6058402730560203e-4
1850,Djibouti,DJI,Rest of global South,Undershooters,37774221525.17069,27708971547.750614,58780291157.65888,1.5856555996967192e-4
1850,Bhutan,BTN,Rest of global South,Undershooters,37379106837.58066,27419138397.139286,58165455022.34016,1.5690697961618383e-4
1850,Eswatini,SWZ,Sub-Sah. Africa,Undershooters,32381644528.7063,23753290754.58009,50388927070.08784,1.3592903811430633e-4
1850,Botswana,BWA,Sub-Sah. Africa,Undershooters,30509678149.047012,22380125112.562523,47475968857.02711,1.2807104964359005e-4
1850,Cabo Verde,CPV,Sub-Sah. Africa,Undershooters,28316926133.458263,20771649788.438766,44063837601.66915,1.1886649327715978e-4
1850,Vanuatu,VUT,Rest of global South,Undershooters,15042154613.852882,11034049607.994715,23407027124.347843,6.314273526210515e-5
1850,Belize,BLZ,Rest of global South,Undershooters,13942272499.107944,10227240069.827547,21695505659.882217,5.8525739427817864e-5
1850,Maldives,MDV,Rest of global South,Undershooters,13426684282.658154,9849034546.506754,20893201224.298225,5.636144507695616e-5
1850,Sao Tome and Principe,STP,Sub-Sah. Africa,Undershooters,12385046141.527817,9084949399.274803,19272312937.407524,5.198894106587969e-5
1850,Montenegro,MNE,Rest of global South,Undershooters,11845392242.050884,8689090690.80943,18432560003.929253,4.972362574486487e-5
1850,Samoa,WSM,Rest of global South,Undershooters,10449274216.043875,7664979720.470772,16260067210.01516,4.38631148557115e-5
1850,Suriname,SUR,Rest of global South,Undershooters,7567614428.10737,5551161728.986197,11775929760.899061,3.176671737967713e-5
1850,Barbados,BRB,Rest of global South,Undershooters,4623297968.932158,3391382448.2802634,7194292555.873321,1.940730481664273e-5
1850,Malta,MLT,Global North undershoot,Undershooters,4132040810.0041676,3031024773.3962407,6429849566.205616,1.7345145403440235e-5
1850,North Macedonia,MKD,Rest of global South,Undershooters,3463611122.31127,2540703637.7081738,5389709225.131204,1.4539265534843838e-05
1850,Liechtenstein,LIE,Global North undershoot,Undershooters,1646906978.0466466,1208075156.9182808,2562744320.611769,6.913252388746526e-6
1990,India,IND,India,Undershooters,99048601607649.53,72656292386119.4,154129070201408.78,0.3229010237714952
1990,Indonesia,IDN,Rest of global South,Undershooters,17268872079789.936,12667440010690.785,26872011859676.094,0.0562969732377576
1990,Pakistan,PAK,Rest of global South,Undershooters,15993005530778.22,11731538528730.793,24886641832149.44,0.052137615021842415
1990,Nigeria,NGA,Sub-Sah. Africa,Undershooters,15298830849520.941,11222332363375.146,23806439825831.758,0.04987458746147233
1990,Bangladesh,BGD,Rest of global South,Undershooters,14269194409623.414,10467050966016.982,22204227330641.535,0.04651794582131744
1990,Brazil,BRA,Rest of global South,Undershooters,10986511025884.32,8059065392583.268,17096058921505.248,0.035816312399718817
1990,China,CHN,China,Undershooters,10908587161614.75,8001904978661.897,16974801957232.852,0.03556227857046249
1990,Philippines,PHL,Rest of global South,Undershooters,7721630837171.782,5664139207391.908,12015593981691.295,0.025172717858096005
1990,"Congo, Dem. Rep.",COD,Sub-Sah. Africa,Undershooters,7318544878549.588,5368458796047.953,11388353788439.7,0.02385864712317945
1990,Vietnam,VNM,Rest of global South,Undershooters,7077825194214.153,5191880838517.0625,11013771002579.03,0.02307389467587322
1990,Myanmar,MMR,Rest of global South,Undershooters,5166795525910.195,3790060640299.1606,8040026586986.512,0.016843888130224093
1990,"Egypt, Arab Rep.",EGY,Rest of global South,Undershooters,5091905902811.991,3735125969196.3516,7923491191347.279,0.016599746006299307
1990,Tanzania,TZA,Sub-Sah. Africa,Undershooters,4806132266628.329,3525499053421.692,7478800159690.537,0.015668116501259627
1990,Kenya,KEN,Sub-Sah. Africa,Undershooters,4216440646682.3286,3092935583962.9556,6561183761148.467,0.013745706444989538
1990,Uganda,UGA,Sub-Sah. Africa,Undershooters,3601637565702.112,2641951807447.57,5604491534399.008,0.011741432371007561
1990,Colombia,COL,Rest of global South,Undershooters,3018432660250.5327,2214146614403.4663,4696969082237.399,0.0098401691731197765
1990,Afghanistan,AFG,Rest of global South,Undershooters,2997769326720.2783,2198989194931.83,4664814964636.674,0.009772806167048464
1990,Thailand,THA,Rest of global South,Undershooters,2771475607894.5493,2032993286526.4497,4312680356889.371,0.009035082743437369
1990,Nepal,NPL,Rest of global South,Undershooters,2701367085339.9443,1981565752661.1672,4203584809661.5615,0.008806527131944105
1990,Morocco,MAR,Rest of global South,Undershooters,2542426102663.978,1864975893521.2449,3956257482681.3794,0.008288375384293854
1990,Mozambique,MOZ,Sub-Sah. Africa,Undershooters,2463344983914.2046,1806966585031.8132,3833199720072.3574,0.008030568875258548
1990,Ghana,GHA,Sub-Sah. Africa,Undershooters,2413729868449.737,1770571822486.4827,3755993868698.8496,0.00786882230521126
1990,Madagascar,MDG,Sub-Sah. Africa,Undershooters,2286207330926.2153,1677028707068.9573,3557556638700.5747,0.007453095507942636
1990,Mexico,MEX,Rest of global South,Undershooters,2239937751919.5547,1643088035455.9724,3485556761113.646,0.007302255473977199
1990,Angola,AGO,Sub-Sah. Africa,Undershooters,2172581760012.6516,1593679597956.4663,3380744414077.9175,0.007082673184163188
1990,Cote d'Ivoire,CIV,Sub-Sah. Africa,Undershooters,2047533297868.9167,1501951320318.187,3186157081319.0327,0.006675011937140144
1990,"Yemen, Rep.",YEM,Rest of global South,Undershooters,2027748152673.873,1487438088724.1943,3155369508519.2524,0.006610511847938946
1990,Algeria,DZA,Rest of global South,Undershooters,2012290413183.7483,1476099190225.9421,3131315791693.789,0.006560119214165822
1990,Cameroon,CMR,Sub-Sah. Africa,Undershooters,1976668266125.8372,1449968855319.1135,3075884333646.938,0.006443990085967712
1990,Peru,PER,Rest of global South,Undershooters,1924980129218.5862,1412053444833.026,2995452663207.8633,0.006275485411966302
1990,Niger,NER,Sub-Sah. Africa,Undershooters,1837729880091.8657,1348051737505.3054,2859682954655.974,0.005991047324905412
1990,Burkina Faso,BFA,Sub-Sah. Africa,Undershooters,1699461824961.907,1246626335448.882,2644524674479.9946,0.005540289860067976
1990,Sri Lanka,LKA,Rest of global South,Undershooters,1666868330290.737,1222717643753.3188,2593806088384.4385,0.005434034217617808
1990,Malawi,MWI,Sub-Sah. Africa,Undershooters,1615060999603.79,1184714799644.0642,2513188941056.844,0.005265140968786806
1990,Mali,MLI,Sub-Sah. Africa,Undershooters,1604454183253.5342,1176934256178.3142,2496683723261.465,0.005230562470929554
1990,Zambia,ZMB,Sub-Sah. Africa,Undershooters,1389452594824.8613,1019221597758.0328,2162120747323.6191,0.004529651686836723
1990,Cambodia,KHM,Rest of global South,Undershooters,1369888577398.086,1004870572631.6251,2131677270419.8506,0.004465872479925625
1990,Somalia,SOM,Sub-Sah. Africa,Undershooters,1350168987300.3486,990405428443.6129,2100991707603.3591,0.0044015861020508884
1990,Chad,TCD,Sub-Sah. Africa,Undershooters,1340680231980.043,983445029510.7397,2086226299398.1978,0.004370652512302891
1990,Senegal,SEN,Sub-Sah. Africa,Undershooters,1257250745641.57,922246011506.9994,1956402062124.5957,0.004098670211551839
1990,"Korea, Dem. People’s Rep.",PRK,Rest of global South,Undershooters,1214829596090.363,891128323875.6603,1890390707788.6501,0.003960376157952696
1990,Guatemala,GTM,Rest of global South,Undershooters,1210883135630.8713,888233430052.0109,1884249638946.3303,0.00394751059395724
1990,Zimbabwe,ZWE,Sub-Sah. Africa,Undershooters,1133132657995.9272,831200202479.7333,1763262480813.0059,0.003694042009650571
1990,Rwanda,RWA,Sub-Sah. Africa,Undershooters,1097838974857.5992,805310809597.246,1708342143950.0823,0.0035789836823944625
1990,Guinea,GIN,Sub-Sah. Africa,Undershooters,1083300907853.8337,794646529336.746,1685719525221.025,0.003531589204905828
1990,Syrian Arab Republic,SYR,Rest of global South,Undershooters,1030972268953.8218,756261283847.3911,1604291172597.607,0.003360996477707973
1990,Haiti,HTI,Rest of global South,Undershooters,1017871383755.6154,746651236557.1893,1583904945819.6309,0.00331828725037763
1990,Uzbekistan,UZB,Rest of global South,Undershooters,1003169328956.0016,735866664388.9843,1561027146440.991,0.0032703581683988163
1990,Burundi,BDI,Sub-Sah. Africa,Undershooters,998694787135.9554,732584400798.2373,1554064332639.4102,0.003255771045399094
1990,Ecuador,ECU,Rest of global South,Undershooters,925511261903.4784,678901223844.3574,1440183787986.9565,0.0030171908450002945
1990,Benin,BEN,Sub-Sah. Africa,Undershooters,916614323161.31,672374947126.6611,1426339302817.936,0.002988186592727675
1990,Turkey,TUR,Rest of global South,Undershooters,803534212471.4579,589425955904.3346,1250375866323.0059,0.002619542483499511
1990,Bolivia,BOL,Rest of global South,Undershooters,800789592975.9983,587412662699.6443,1246104976638.2878,0.002610594952382841
1990,Tajikistan,TJK,Rest of global South,Undershooters,731592924489.086,536654011934.98584,1138428361301.81,0.0023850120089253623
1990,Honduras,HND,Rest of global South,Undershooters,698911538819.1906,512680848515.46234,1087573008430.2192,0.0022784698395277346
1990,Iraq,IRQ,Rest of global South,Undershooters,681413574545.1299,499845359797.5697,1060344507268.1174,0.0022214260197634494
1990,Sierra Leone,SLE,Sub-Sah. Africa,Undershooters,679855985916.6034,498702803386.12445,1057920750817.5012,0.002216348240222873
1990,Papua New Guinea,PNG,Rest of global South,Undershooters,664439417787.099,487394105803.0452,1033931100555.6072,0.0021660898261588474
1990,Dominican Republic,DOM,Rest of global South,Undershooters,663214541951.7743,486495608142.46674,1032025076941.4768,0.0021620966989990514
1990,Tunisia,TUN,Rest of global South,Undershooters,657866776651.0083,482572798602.5207,1023703444126.029,0.002144662844684306
1990,Togo,TGO,Sub-Sah. Africa,Undershooters,651842984235.2322,478154094896.1565,1014329848648.0475,0.0021250251243483246
1990,Argentina,ARG,Rest of global South,Undershooters,603549488213.5609,442728795494.1762,939180563168.1727,0.001967587068143622
1990,Lao PDR,LAO,Rest of global South,Undershooters,602235341679.617,441764814042.05383,937135625833.3932,0.0019633029161787397
1990,Nicaragua,NIC,Rest of global South,Undershooters,522172017404.81384,383035016715.3086,812549457756.1221,0.0017022943915224306
1990,Paraguay,PRY,Rest of global South,Undershooters,496176975639.58325,363966566233.13525,772098693665.6542,0.0016175498775895102
1990,El Salvador,SLV,Rest of global South,Undershooters,467362486853.8005,342829933426.6535,727260601125.248,0.0015236138928571125
1990,Cuba,CUB,Rest of global South,Undershooters,455734358523.37555,334300214902.9603,709166124487.9056,0.0014857058913154678
1990,Central African Republic,CAF,Sub-Sah. Africa,Undershooters,455141110197.555,333865042440.96906,708242973515.8256,0.0014837718863053113
1990,"Congo, Rep.",COG,Sub-Sah. Africa,Undershooters,413220602557.2009,303114596592.60596,643010665738.5511,0.0013471099383889692
1990,Liberia,LBR,Sub-Sah. Africa,Undershooters,404591694217.3155,296784931386.4359,629583261437.0956,0.0013189794722162473
1990,Kyrgyz Republic,KGZ,Rest of global South,Undershooters,389292457778.6072,285562301506.4264,605776190475.8079,0.001269103562523449
1990,Mauritania,MRT,Sub-Sah. Africa,Undershooters,336617233028.2472,246922820798.49146,523808517215.9341,0.0010973809564167995
1990,Eritrea,ERI,Sub-Sah. Africa,Undershooters,313690823509.41223,230105340426.95898,488132837551.1961,0.0010226402636167042
1990,Costa Rica,CRI,Rest of global South,Undershooters,270009016971.74673,198062908163.9939,420159780717.56744,8.80236435372134e-4
1990,Chile,CHL,Rest of global South,Undershooters,255161237307.06595,187171440711.73245,397055219551.34607,8.318322865336638e-4
1990,Jordan,JOR,Rest of global South,Undershooters,244555224461.0993,179391486649.9885,380551252085.26935,7.972564081213453e-4
1990,Georgia,GEO,Rest of global South,Undershooters,199616787628.9308,146427263502.3794,310622758670.6591,6.507559323521122e-4
1990,Azerbaijan,AZE,Rest of global South,Undershooters,194260409880.5233,142498136371.83804,302287724065.3265,6.332940012335e-4
1990,Albania,ALB,Rest of global South,Undershooters,192887514861.54498,141491060448.55078,300151368485.0885,6.288183276756348e-4
1990,"Gambia, The",GMB,Sub-Sah. Africa,Undershooters,188872168500.22485,138545635934.47983,293903106609.9901,6.157281938441311e-4
1990,Lesotho,LSO,Sub-Sah. Africa,Undershooters,165368898024.8406,121305003921.78436,257329776282.59436,5.391069192849777e-4
1990,Uruguay,URY,Rest of global South,Undershooters,161176412980.55264,118229640774.21727,250805869723.37732,5.25439308728397e-4
1990,Armenia,ARM,Rest of global South,Undershooters,151339227044.79074,111013653410.39224,235498270251.31915,4.933698260892524e-4
1990,Panama,PAN,Rest of global South,Undershooters,138390815357.31244,101515451818.12854,215349306797.18033,4.511576663793808e-4
1990,Romania,ROU,Global North undershoot,Undershooters,128171654305.49504,94019269729.0283,199447317616.21017,4.178429349025178e-4
1990,Jamaica,JAM,Rest of global South,Undershooters,95895508502.42169,70343366702.60931,149222556624.44467,3.126218580366982e-4
1990,Gabon,GAB,Sub-Sah. Africa,Undershooters,84433060355.0284,61935181523.41117,131385894152.54213,2.752539782115768e-4
1990,Namibia,NAM,Sub-Sah. Africa,Undershooters,80141438246.34485,58787097192.302704,124707720866.58914,2.612631782402294e-4
1990,Djibouti,DJI,Rest of global South,Undershooters,76565592733.60162,56164064934.55703,119143364226.33923,2.496058286343535e-4
1990,Fiji,FJI,Rest of global South,Undershooters,57533458140.94613,42203198115.11916,89527547737.23988,1.8756057363046325e-4
1990,Lebanon,LBN,Rest of global South,Undershooters,55780508273.51704,40917336063.16768,86799790567.61557,1.8184591135733888e-4
1990,Mongolia,MNG,Rest of global South,Undershooters,51812452878.33902,38006601450.89722,80625117945.8949,1.6890994730849325e-4
1990,Bhutan,BTN,Rest of global South,Undershooters,49841790364.10131,36561038065.802826,77558579134.94443,1.62485536130271e-4
1990,Eswatini,SWZ,Sub-Sah. Africa,Undershooters,44754340786.32083,32829180997.42084,69642022410.33847,1.4590031785976585e-4
1990,North Macedonia,MKD,Rest of global South,Undershooters,39695562573.42521,29118355574.477272,61770081063.83357,1.294085689863443e-4
1990,Cabo Verde,CPV,Sub-Sah. Africa,Undershooters,38132844851.55087,27972036758.51629,59338343254.81485,1.2431406846772104e-4
1990,Bosnia and Herzegovina,BIH,Rest of global South,Undershooters,29790762811.94775,21852770641.269154,46357268030.744225,9.711866351244684e-5
1990,Vanuatu,VUT,Rest of global South,Undershooters,20814724135.153473,15268470812.851236,32389695819.81722,6.785654339054531e-5
1990,Mauritius,MUS,Sub-Sah. Africa,Undershooters,20128092079.497864,14764797478.87513,31321230858.263363,6.561810498629834e-5
1990,Belize,BLZ,Rest of global South,Undershooters,19836409651.411213,14550836217.080593,30867345182.893936,6.46672126655928e-5
1990,Sao Tome and Principe,STP,Sub-Sah. Africa,Undershooters,15710659606.137993,11524425982.75109,24447284646.54941,5.121715994580631e-5
1990,Maldives,MDV,Rest of global South,Undershooters,15610102374.795238,11450663047.349752,24290808004.60468,5.088934074976331e-5
1990,Samoa,WSM,Rest of global South,Undershooters,13850676230.066687,10160050375.102716,21552973129.87064,4.515356564378435e-5
1990,Suriname,SUR,Rest of global South,Undershooters,11371596786.79207,8341541905.972872,17695289090.46434,3.707170202076052e-5
1990,Montenegro,MNE,Rest of global South,Undershooters,5140365705.569731,3770673261.5456877,7998899265.968872,1.6757726226799768e-5
1990,Liechtenstein,LIE,Global North undershoot,Undershooters,1274258481.1999671,934721896.9561611,1982867720.65283,4.154115872921147e-6
1992,India,IND,India,Undershooters,33733288753305.117,24744778331289.88,52492214387618.54,0.3088819143639136
1992,Nigeria,NGA,Sub-Sah. Africa,Undershooters,6669322058554.664,4892226701220.99,10378101165230.264,0.06106825160218046
1992,Pakistan,PAK,Rest of global South,Undershooters,6289875609596.616,4613886859033.441,9787646303476.684,0.057593815818291254
1992,Indonesia,IDN,Rest of global South,Undershooters,5888719183284.389,4319621840349.3105,9163408646515.674,0.053920590660054446
1992,Bangladesh,BGD,Rest of global South,Undershooters,4843501228697.973,3552910750207.203,7536949828486.477,0.0443499577727243
1992,Brazil,BRA,Rest of global South,Undershooters,3428402498512.851,2514876639409.459,5334921248713.145,0.031392478056172866
1992,"Congo, Dem. Rep.",COD,Sub-Sah. Africa,Undershooters,3344543607465.0854,2453362635089.87,5204428816760.272,0.03062461652352788
1992,Philippines,PHL,Rest of global South,Undershooters,2796444308914.926,2051308873141.4346,4351534036900.4404,0.025605895644108614
1992,Vietnam,VNM,Rest of global South,Undershooters,2299682043921.9497,1686912972685.5,3578524577182.838,0.021057246963070944
1992,Tanzania,TZA,Sub-Sah. Africa,Undershooters,2171645699916.9858,1592992958721.8098,3379287815298.572,0.01988487058039361
1992,"Egypt, Arab Rep.",EGY,Rest of global South,Undershooters,2091585356695.675,1534265348122.4958,3254706286024.833,0.019151790795031518
1992,Kenya,KEN,Sub-Sah. Africa,Undershooters,1737109676065.9028,1274242609006.7488,2703108321210.569,0.01590600211343884
1992,Myanmar,MMR,Rest of global South,Undershooters,1697965734854.8838,1245528890775.3828,2642196615593.8486,0.015547577069695562
1992,Uganda,UGA,Sub-Sah. Africa,Undershooters,1602968412060.0781,1175844380859.5466,2494371721588.927,0.014677725477729709
1992,Afghanistan,AFG,Rest of global South,Undershooters,1253842784815.867,919746129689.6512,1951098950068.2627,0.011480925044622569
1992,Mozambique,MOZ,Sub-Sah. Africa,Undershooters,1103934092316.4084,809781833206.1322,1717826727997.1736,0.010108272521542167
1992,Angola,AGO,Sub-Sah. Africa,Undershooters,1090648158211.333,800036044802.3258,1697152547472.3037,0.009986618662337987
1992,Colombia,COL,Rest of global South,Undershooters,989726827398.0745,726006027209.4464,1540109332027.907,0.00906252335429605
1992,Madagascar,MDG,Sub-Sah. Africa,Undershooters,986306671621.8604,723497199885.7955,1534787243465.5671,0.009031206388099676
1992,Ghana,GHA,Sub-Sah. Africa,Undershooters,976099344536.5955,716009698506.1649,1518903669065.1382,0.008937742072963004
1992,Niger,NER,Sub-Sah. Africa,Undershooters,952764537599.8629,698892641545.7367,1482592484069.971,0.008724074799349663
1992,Nepal,NPL,Rest of global South,Undershooters,924006162303.2058,677797170330.7014,1437841709470.0942,0.008460746130728315
1992,Cote d'Ivoire,CIV,Sub-Sah. Africa,Undershooters,881606150331.0858,646694987997.7871,1371863247223.0637,0.008072506580093985
1992,Morocco,MAR,Rest of global South,Undershooters,879599406191.2844,645222957231.0824,1368740561961.6917,0.0080541316455872
1992,Cameroon,CMR,Sub-Sah. Africa,Undershooters,857144038143.5714,628751005481.8256,1333797867748.459,0.007848517033829423
1992,"Yemen, Rep.",YEM,Rest of global South,Undershooters,845648968759.2128,620318891260.7986,1315910443520.8052,0.0077432613896746905
1992,Mexico,MEX,Rest of global South,Undershooters,785829131758.0566,576438538614.7059,1222825072228.941,0.00719551563310229
1992,Algeria,DZA,Rest of global South,Undershooters,777410747153.1951,570263301374.1794,1209725262936.4795,0.007118431931847499
1992,Burkina Faso,BFA,Sub-Sah. Africa,Undershooters,755875094739.9092,554465999513.5876,1176213733962.1611,0.006921238779613275
1992,Mali,MLI,Sub-Sah. Africa,Undershooters,730914501665.2119,536156360415.90564,1137372670687.809,0.006692684847947903
1992,Thailand,THA,Rest of global South,Undershooters,700845173888.4943,514099250720.8755,1090581929005.6067,0.006417352324183864
1992,Malawi,MWI,Sub-Sah. Africa,Undershooters,696205053498.7915,510695528323.2945,1083361459158.6881,0.0063748646414876434
1992,Peru,PER,Rest of global South,Undershooters,655041549981.8843,480500376664.22766,1019307121991.7175,0.0059979472925386105
1992,Zambia,ZMB,Sub-Sah. Africa,Undershooters,633333711389.9636,464576769039.2265,985527654902.3347,0.005799177501961393
1992,Somalia,SOM,Sub-Sah. Africa,Undershooters,605409131450.7247,444092921595.70825,942074345396.273,0.005543483556063658
1992,Chad,TCD,Sub-Sah. Africa,Undershooters,603804728734.6711,442916025092.87396,939577741760.8829,0.005528792697251478
1992,Senegal,SEN,Sub-Sah. Africa,Undershooters,553420164404.6863,405956839619.38715,861174554571.576,0.005067441869632791
1992,Sri Lanka,LKA,Rest of global South,Undershooters,510963790939.9921,374813313774.12305,795108388466.9987,0.004678686239885925
1992,Cambodia,KHM,Rest of global South,Undershooters,491344260140.278,360421567266.59424,764578527460.7197,0.0044990382287875795
1992,Guatemala,GTM,Rest of global South,Undershooters,474103673946.7087,347774876136.61743,737750531137.5807,0.004341173239483683
1992,Guinea,GIN,Sub-Sah. Africa,Undershooters,464163023796.38055,340482993443.60034,722281931480.448,0.004250150775859989
1992,Iraq,IRQ,Rest of global South,Undershooters,462704608975.2558,339413185168.22833,720012498932.1892,0.00423679666843275
1992,Rwanda,RWA,Sub-Sah. Africa,Undershooters,451919565537.6018,331501904678.8058,703229942791.5981,0.004138042441180178
1992,Burundi,BDI,Sub-Sah. Africa,Undershooters,445354925983.89795,326686466973.66046,693014737587.3116,0.004077932724416838
1992,Syrian Arab Republic,SYR,Rest of global South,Undershooters,431733573486.26746,316694635148.68896,671818614055.3336,0.00395320757631572
1992,Zimbabwe,ZWE,Sub-Sah. Africa,Undershooters,431355180810.1241,316417068292.9393,671229798964.5762,0.003949742789498069
1992,Benin,BEN,Sub-Sah. Africa,Undershooters,406543349697.07294,298216552316.6932,632620223489.7255,0.003722551010210838
1992,Uzbekistan,UZB,Rest of global South,Undershooters,402573655829.521,295304615816.40076,626443001248.7327,0.0036862021486985435
1992,"Korea, Dem. People’s Rep.",PRK,Rest of global South,Undershooters,400604206459.3253,293859942323.2058,623378350205.607,0.0036681687071281823
1992,Haiti,HTI,Rest of global South,Undershooters,359801257917.755,263929272820.2134,559885070965.7872,0.00329455281247345
1992,Ecuador,ECU,Rest of global South,Undershooters,340259793577.44116,249594791326.099,529476688815.40314,0.003115619623982634
1992,Tajikistan,TJK,Rest of global South,Undershooters,300214396735.47437,220219817682.4184,467162232266.60815,0.002748940320091832
1992,Bolivia,BOL,Rest of global South,Undershooters,292134998772.3701,214293241323.10327,454589918517.312,0.0026749605807310493
1992,Togo,TGO,Sub-Sah. Africa,Undershooters,276429963509.34076,202772941031.28317,430151385885.02386,0.002531156002628003
1992,Sierra Leone,SLE,Sub-Sah. Africa,Undershooters,268935210199.3371,197275225980.13593,418488834972.5374,0.002462529614996219
1992,Honduras,HND,Rest of global South,Undershooters,264083986321.1993,193716650343.5337,410939867965.0264,0.0024181089440843055
1992,Papua New Guinea,PNG,Rest of global South,Undershooters,262709480866.00488,192708393097.91895,408801006392.45154,0.0024055231603675458
1992,Turkey,TUR,Rest of global South,Undershooters,237115704014.59164,173934287214.55264,368974648775.8488,0.002171171424090638
1992,Dominican Republic,DOM,Rest of global South,Undershooters,223990502328.53714,164306402763.37918,348550583223.7582,0.002050989325841953
1992,Tunisia,TUN,Rest of global South,Undershooters,216862640629.0077,159077818055.2349,337458950647.0105,0.00198572241447814
1992,Lao PDR,LAO,Rest of global South,Undershooters,214862025407.8058,157610283106.6896,334345802567.4841,0.00196740359996973
1992,Argentina,ARG,Rest of global South,Undershooters,186514141932.137,136815924812.82382,290233792388.9852,0.0017078336368936626
1992,Nicaragua,NIC,Rest of global South,Undershooters,183601242493.10013,134679191230.53282,285701043063.4835,0.0016811614093009371
1992,"Congo, Rep.",COG,Sub-Sah. Africa,Undershooters,180911097885.5151,132705857634.73026,281514921499.47766,0.0016565288565017322
1992,Central African Republic,CAF,Sub-Sah. Africa,Undershooters,176116906819.77298,129189117951.64743,274054702987.17844,0.0016126304117031142
1992,Paraguay,PRY,Rest of global South,Undershooters,175538603256.82986,128764908098.35168,273154807491.39285,0.0016073351227405804
1992,Liberia,LBR,Sub-Sah. Africa,Undershooters,173347829677.28107,127157884039.81929,269745754871.1932,0.001587275105997546
1992,Kyrgyz Republic,KGZ,Rest of global South,Undershooters,151010684447.60684,110772653672.73976,234987026637.5416,0.00138274301218293
1992,Mauritania,MRT,Sub-Sah. Africa,Undershooters,148906069408.87338,109228830507.8236,231712044923.6469,0.0013634719139239623
1992,El Salvador,SLV,Rest of global South,Undershooters,143950616241.5634,105593798327.8035,224000887202.0105,0.0013180968580836254
1992,Eritrea,ERI,Sub-Sah. Africa,Undershooters,121465758147.57112,89100214396.06087,189012303664.3505,0.0011122122180455918
1992,Cuba,CUB,Rest of global South,Undershooters,111357456470.12334,81685352295.20079,173282822242.37305,0.0010196546380262966
1992,Jordan,JOR,Rest of global South,Undershooters,110089462363.6928,80755225579.17073,171309702486.28445,0.001008044135123343
1992,Costa Rica,CRI,Rest of global South,Undershooters,89494601556.832,65648033714.291885,139262134973.2895,8.19465426459539e-4
1992,"Gambia, The",GMB,Sub-Sah. Africa,Undershooters,84494556615.11919,61980291602.516655,131481588198.03914,7.736820619973195e-4
1992,Azerbaijan,AZE,Rest of global South,Undershooters,67393342197.03771,49435835499.64636,104870467649.21292,6.170932429813491e-4
1992,Panama,PAN,Rest of global South,Undershooters,54664185559.199936,40098466657.52,85062685962.30312,5.005375670943303e-4
1992,Georgia,GEO,Rest of global South,Undershooters,54573322425.21175,40031814748.02292,84921294260.35197,4.997055705766878e-4
1992,Lesotho,LSO,Sub-Sah. Africa,Undershooters,54416189895.55143,39916551464.81581,84676781058.73328,4.982667723342375e-4
1992,Chile,CHL,Rest of global South,Undershooters,52946808545.23942,38838698781.56566,82390283545.19958,4.8481224888903866e-4
1992,Albania,ALB,Rest of global South,Undershooters,49034349716.51966,35968746576.34277,76302124483.03976,4.489874651947258e-4
1992,Armenia,ARM,Rest of global South,Undershooters,44971720941.421295,32988638433.988018,69980286662.85756,4.1178763678252113e-4
1992,Uruguay,URY,Rest of global South,Undershooters,44323040287.58703,32512804040.71818,68970877701.8996,4.0584793361179094e-4
1992,Gabon,GAB,Sub-Sah. Africa,Undershooters,42693998850.611404,31317834005.473747,66435933867.001175,3.9093146811947007e-4
1992,Namibia,NAM,Sub-Sah. Africa,Undershooters,35398966199.78809,25966622411.956688,55084167347.225494,3.241338407961399e-4
1992,Djibouti,DJI,Rest of global South,Undershooters,27614604376.82477,20256467402.510414,42970957969.0931,2.528556265798432e-4
1992,Jamaica,JAM,Rest of global South,Undershooters,25498293792.829296,18704065065.93124,39677776871.38609,2.3347743700118586e-4
1992,Mongolia,MNG,Rest of global South,Undershooters,24776806059.35253,18174823634.294132,38555073151.01466,2.2687106921012522e-4
1992,Fiji,FJI,Rest of global South,Undershooters,18521300565.060368,13586148692.505083,28820910024.772274,1.695919664662035e-4
1992,Bhutan,BTN,Rest of global South,Undershooters,16744168305.570213,12282547844.45081,26055522746.86655,1.533194939419998e-4
1992,Eswatini,SWZ,Sub-Sah. Africa,Undershooters,16405901923.941914,12034415304.171896,25529147997.152386,1.5022212717511244e-4
1992,Lebanon,LBN,Rest of global South,Undershooters,14422515201.121151,10579518179.840528,22442809104.160133,1.3206106697285683e-4
1992,Cabo Verde,CPV,Sub-Sah. Africa,Undershooters,13189708931.391996,9675203213.903996,20524444977.78415,1.2077276468432093e-4
1992,Vanuatu,VUT,Rest of global South,Undershooters,9001311559.321533,6602838544.891814,14006899226.372063,8.242132472058026e-5
1992,Belize,BLZ,Rest of global South,Undershooters,8203074229.9967985,6017298074.339084,12764765815.380268,7.511219230240167e-5
1992,Sao Tome and Principe,STP,Sub-Sah. Africa,Undershooters,6555850671.60469,4808990692.495158,10201528865.55922,6.0029240568214726e-5
1992,Maldives,MDV,Rest of global South,Undershooters,5803743365.722515,4257288523.7116714,9031178170.387432,5.31425018886008e-5
1992,North Macedonia,MKD,Rest of global South,Undershooters,5493302285.690486,4029567006.0589895,8548102243.609658,5.0299920016470146e-5
1992,Botswana,BWA,Sub-Sah. Africa,Undershooters,5205795606.21676,3818668830.5395474,8100714431.316128,4.766733906067598e-5
1992,Samoa,WSM,Rest of global South,Undershooters,4710898837.666534,3455641349.7562766,7330607861.972728,4.313577196681144e-5
1992,Suriname,SUR,Rest of global South,Undershooters,3970028059.281556,2912181643.905027,6177742275.19546,3.6351921569141174e-5
1992,Mauritius,MUS,Sub-Sah. Africa,Undershooters,2066588403.8392608,1515929037.60403,3215808643.462558,1.8922903931731027e-5
1992,Liechtenstein,LIE,Global North undershoot,Undershooters,321764507.4077165,236027725.28072956,500696259.6707227,2.9462658606839625e-6
